building_type,zone,year,n_floor,total_floor,area,kchn_area,ceiling,toilet,parking,rough_finish,num_room,price
монолитный,"
Астана, Есильский р-н
показать на карте
",2017,8,14,85,10 м²,2.7м,0,0,0,3,60000000
кирпичный,"
Астана, Есильский р-н
показать на карте
",2018,2,7,73,10 м²,2.7м,0,0,1,3,23000000
монолитный,"
Астана, Алматы р-н
показать на карте
",2018,8,9,13,0,2.9м,1,1,0,3,65000000
монолитный,"
Астана, Есильский р-н
показать на карте
",2019,7,7,38,0,-,0,0,0,1,19000000
монолитный,"
Астана, Есильский р-н
показать на карте
",2006,8,36,85,0,3м,1,1,0,2,47500000
монолитный,"
Астана, Есильский р-н
показать на карте
",2018,-,-,12,17 м²,3м,1,1,0,4,95000000
кирпичный,"
Астана, Есильский р-н
показать на карте
",2020,3,9,83,0,3м,0,1,0,3,51000000
кирпичный,"
Астана
показать на карте
",2022,-,-,67,12.89 м²,2.8м,1,1,1,2,21000000
-,"
Астана, Есильский р-н
показать на карте
",2018,7,14,37,0,2.7м,0,1,0,1,18000000
монолитный,"
Астана, Есильский р-н
показать на карте
",2009,7,18,10,14.9 м²,3м,0,1,0,3,44000000
кирпичный,"
Астана, Есильский р-н
показать на карте
",2023,5,10,41,10.31 м²,3м,0,0,1,1,18600000
-,"
Астана, Есильский р-н
показать на карте
",2021,6,9,90,25.4 м²,2.7м,1,1,1,3,48500000
монолитный,"
Астана, Есильский р-н
показать на карте
",2014,-,-,51,0,-,0,0,0,2,24000000
монолитный,"
Астана, Есильский р-н
показать на карте
",2019,7,10,10,0,-,0,0,0,4,59900000
монолитный,"
Астана, Есильский р-н
показать на карте
",2017,4,8,36,0,-,0,0,0,1,24000000
кирпичный,"
Астана, Есильский р-н
показать на карте
",2021,9,10,41,12 м²,3м,0,1,0,1,23000000
монолитный,"
Астана, Есильский р-н
показать на карте
",2021,6,16,65,0,3м,0,1,0,3,43500000
монолитный,"
Астана, Есильский р-н
показать на карте
",2018,5,10,87,0,2.8м,1,1,0,2,34000000
монолитный,"
Астана, р-н Байконур
показать на карте
",2007,-,-,11,0,3м,1,1,0,3,37500000
кирпичный,"
Астана, Есильский р-н
показать на карте
",2023,4,12,36,9.7 м²,-,0,0,0,1,17000000
кирпичный,"
Астана, Есильский р-н
показать на карте
",2021,5,9,38,9 м²,3м,0,1,0,1,24500000
монолитный,"
Астана, Есильский р-н
показать на карте
",2023,6,9,46,0,-,0,0,0,2,27290000
кирпичный,"
Астана, Алматы р-н
показать на карте
",2022,5,13,36,0,3м,0,0,0,1,18800000
кирпичный,"
Астана, Есильский р-н
показать на карте
",2006,6,9,12,0,2.7м,0,0,0,4,45000000
кирпичный,"
Астана, Алматы р-н
показать на карте
",2021,7,11,33,0,-,0,0,0,1,17000000
панельный,"
Астана, р-н Байконур
показать на карте
",1990,5,6,61,7 м²,-,0,0,0,3,25500000
монолитный,"
Астана, Есильский р-н
показать на карте
",2023,8,9,86,14 м²,3м,0,1,1,3,35700000
монолитный,"
Астана, Есильский р-н
показать на карте
",2007,2,9,31,0,-,0,0,0,1,17500000
монолитный,"
Астана
показать на карте
",2022,5,12,90,0,3м,1,1,1,3,40000000
панельный,"
Астана, Алматы р-н
показать на карте
",1983,5,6,36,12 м²,-,0,0,0,1,15500000
кирпичный,"
Астана, Алматы р-н
показать на карте
",2010,-,-,38,0,2.7м,0,1,0,1,12900000
кирпичный,"
Астана, Есильский р-н
показать на карте
",2023,8,10,62,11 м²,3м,0,1,0,2,35000000
панельный,"
Астана, р-н Байконур
показать на карте
",1985,2,5,56,8 м²,-,0,0,0,3,25800000
-,"
Астана, р-н Байконур
показать на карте
",2006,-,-,70,0,-,0,0,0,3,23900000
кирпичный,"
Астана, Есильский р-н
показать на карте
",2020,2,8,62,12.4 м²,-,0,1,0,2,37000000
монолитный,"
Астана, Алматы р-н
показать на карте
",2010,4,12,73,8.6 м²,2.7м,0,0,0,3,35000000
кирпичный,"
Астана, р-н Байконур
показать на карте
",2005,3,12,10,12 м²,2.7м,1,0,0,4,56000000
кирпичный,"
Астана, Есильский р-н
показать на карте
",2020,6,10,38,0,3м,0,0,0,1,24300000
-,"
Астана, Есильский р-н
показать на карте
",2018,-,-,83,0,-,0,0,0,3,56800000
кирпичный,"
Астана, Алматы р-н
показать на карте
",2005,9,9,98,0,2.7м,0,0,0,3,43000000
панельный,"
Астана, Есильский р-н
показать на карте
",2022,8,9,38,10 м²,2.7м,0,0,0,1,23000000
кирпичный,"
Астана, Алматы р-н
показать на карте
",2013,6,7,78,11 м²,-,0,0,0,3,24000000
кирпичный,"
Астана, Алматы р-н
показать на карте
",2022,2,9,36,10.61 м²,2.7м,0,1,0,1,21200000
панельный,"
Астана, Алматы р-н
показать на карте
",2006,6,6,48,0,2.8м,0,0,0,2,20000000
монолитный,"
Астана, Алматы р-н
показать на карте
",2023,6,9,64,12.7 м²,3м,0,1,0,2,47000000
кирпичный,"
Астана, Сарыарка р-н
показать на карте
",1980,3,5,18,0,-,0,0,0,1,8000000
кирпичный,"
Астана, Алматы р-н
показать на карте
",2019,6,9,54,0,2.7м,0,0,0,2,23000000
монолитный,"
Астана, Есильский р-н
показать на карте
",2019,4,18,10,0,-,0,1,0,3,60000000
монолитный,"
Астана, Алматы р-н
показать на карте
",2007,9,9,85,0,-,0,0,0,3,28500000
-,"
Астана, Есильский р-н
показать на карте
",2015,-,-,62,0,-,0,1,0,2,28699999
кирпичный,"
Астана, Сарыарка р-н
показать на карте
",2008,4,5,35,10 м²,-,0,1,0,1,17000000
монолитный,"
Астана, Алматы р-н
показать на карте
",2020,5,30,10,0,3м,0,1,0,3,75000000
кирпичный,"
Астана, Сарыарка р-н
показать на карте
",2010,-,-,73,14 м²,3м,1,1,0,2,35000000
кирпичный,"
Астана, Алматы р-н
показать на карте
",2006,5,12,18,0,3м,0,1,0,4,95000000
кирпичный,"
Астана, Есильский р-н
показать на карте
",2017,5,9,60,0,3м,0,0,0,2,28800000
монолитный,"
Астана, Есильский р-н
показать на карте
",2022,6,9,68,0,3м,0,1,1,2,30000000
-,"
Астана, Алматы р-н
показать на карте
",2023,8,13,45,0,-,0,0,1,1,20000000
монолитный,"
Астана, Алматы р-н
показать на карте
",2022,8,14,65,13 м²,2.9м,0,1,0,2,27000000
кирпичный,"
Астана, Есильский р-н
показать на карте
",2018,4,5,83,12.4 м²,.65м,0,1,0,3,40000000
кирпичный,"
Астана, Есильский р-н
показать на карте
",2023,6,10,35,0,3м,0,1,1,1,17500000
кирпичный,"
Астана, Есильский р-н
показать на карте
",2023,5,10,53,10.6 м²,3м,0,1,1,2,26000000
монолитный,"
Астана, р-н Байконур
показать на карте
",2007,-,-,65,0,2.8м,0,1,0,2,25500000
кирпичный,"
Астана, Сарыарка р-н
показать на карте
",2010,3,6,53,0,-,0,0,0,2,19500000
монолитный,"
Астана, Есильский р-н
показать на карте
",2020,2,12,10,12 м²,2.7м,0,0,0,4,58000000
монолитный,"
Астана, Алматы р-н
показать на карте
",2016,9,9,59,0,2.8м,0,0,0,2,28000000
монолитный,"
Астана, Сарыарка р-н
показать на карте
",2020,6,10,44,10 м²,2.8м,0,1,0,1,15500000
монолитный,"
Астана, Сарыарка р-н
показать на карте
",2017,-,-,63,0,3м,0,0,0,2,47000000
монолитный,"
Астана, Алматы р-н
показать на карте
",2015,5,9,55,0,3м,0,1,0,2,26000000
кирпичный,"
Астана, Алматы р-н
показать на карте
",2006,3,9,52,12 м²,.75м,0,0,0,1,22510000
кирпичный,"
Астана, Сарыарка р-н
показать на карте
",2014,-,-,27,0,-,0,0,0,4,100000000
монолитный,"
Астана, Алматы р-н
показать на карте
",2022,-,-,65,0,-,0,1,0,2,20000000
монолитный,"
Астана, Есильский р-н
показать на карте
",2023,6,12,89,12.77 м²,3м,0,1,1,3,44500000
кирпичный,"
Астана, Есильский р-н
показать на карте
",2020,4,10,71,13.3 м²,3м,0,0,1,2,33000000
кирпичный,"
Астана, Алматы р-н
показать на карте
",2023,6,9,38,0,-,0,0,0,1,13500000
монолитный,"
Астана, Есильский р-н
показать на карте
",2019,7,10,41,11 м²,.85м,0,1,0,1,21500000
кирпичный,"
Астана, Сарыарка р-н
показать на карте
",2010,3,6,53,0,-,0,0,0,2,19500000
панельный,"
Астана, Алматы р-н
показать на карте
",1996,3,5,80,12 м²,-,0,0,0,3,30000000
кирпичный,"
Астана, Сарыарка р-н
показать на карте
",2015,6,9,36,0,2.7м,0,0,0,1,18000000
кирпичный,"
Астана, Сарыарка р-н
показать на карте
",2015,4,9,36,0,-,0,0,0,1,17500000
монолитный,"
Астана
показать на карте
",2019,-,-,80,0,-,0,1,0,3,50000000
-,"
Астана
показать на карте
",2018,5,12,55,0,-,0,0,0,2,28000000
монолитный,"
Астана, Есильский р-н
показать на карте
",2005,9,9,52,0,2.7м,0,1,0,2,26900000
кирпичный,"
Астана, р-н Байконур
показать на карте
",1982,2,5,11,0,2.7м,0,0,0,1,3800000
монолитный,"
Астана, Есильский р-н
показать на карте
",2023,9,12,45,12.5 м²,-,0,0,0,1,20700000
кирпичный,"
Астана
показать на карте
",2022,-,-,38,11.7 м²,3м,0,0,1,1,17500000
монолитный,"
Астана
показать на карте
",2022,3,12,10,11 м²,3м,1,0,1,4,48000000
кирпичный,"
Астана, Алматы р-н
показать на карте
",2008,2,6,92,12.6 м²,-,0,0,0,3,42000000
панельный,"
Астана, Алматы р-н
показать на карте
",1988,5,9,64,0,2.7м,0,0,0,3,32000000
монолитный,"
Астана
показать на карте
",2009,-,-,10,0,3м,0,1,0,3,42000000
монолитный,"
Астана
показать на карте
",2023,-,-,41,10 м²,3м,0,1,0,1,27500000
кирпичный,"
Астана, Сарыарка р-н
показать на карте
",2008,4,16,35,0,2.7м,0,1,0,1,14500000
кирпичный,"
Астана, Алматы р-н
показать на карте
",2015,6,6,17,0,3.3м,0,1,0,4,160000000
панельный,"
Астана, р-н Байконур
показать на карте
",1989,2,6,63,0,-,0,0,0,3,23500000
монолитный,"
Астана, Есильский р-н
показать на карте
",2020,6,18,11,0,.15м,0,1,0,3,120000000
монолитный,"
Астана, Есильский р-н
показать на карте
",2021,3,6,45,12 м²,-,0,0,0,2,33000000
монолитный,"
Астана, Алматы р-н
показать на карте
",2014,2,14,72,0,2.7м,0,1,0,3,29500000
монолитный,"
Астана, Есильский р-н
показать на карте
",2016,3,12,55,15 м²,2.7м,0,0,0,1,21000000
кирпичный,"
Астана, Сарыарка р-н
показать на карте
",2005,3,5,15,0,-,0,1,0,4,66700000
кирпичный,"
Астана, Сарыарка р-н
показать на карте
",2010,4,6,37,9.1 м²,2.7м,0,1,0,1,16500000
монолитный,"
Астана, Есильский р-н
показать на карте
",2020,7,20,13,0,3м,0,0,0,4,120000000
монолитный,"
Астана, Есильский р-н
показать на карте
",2017,4,8,38,0,2.7м,0,1,0,1,25000000
кирпичный,"
Астана, Алматы р-н
показать на карте
",2023,7,9,41,12 м²,-,0,0,0,1,12800000
монолитный,"
Астана
показать на карте
",2022,9,12,10,0,3м,1,1,0,4,67000000
монолитный,"
Астана, Сарыарка р-н
показать на карте
",2018,-,-,84,0,3м,0,1,0,3,42300000
кирпичный,"
Астана, Алматы р-н
показать на карте
",2023,1,9,40,15 м²,2.7м,0,0,1,1,13440000
кирпичный,"
Астана, Есильский р-н
показать на карте
",2011,8,10,98,0,3м,1,1,0,3,59990000
кирпичный,"
Астана, Есильский р-н
показать на карте
",2015,5,5,63,0,2.7м,0,1,0,2,27777777
монолитный,"
Астана, Есильский р-н
показать на карте
",2016,5,6,56,11 м²,3м,0,1,0,2,38000000
-,"
Астана, Есильский р-н
показать на карте
",2021,-,-,40,0,-,0,1,0,1,25900000
кирпичный,"
Астана, Алматы р-н
показать на карте
",2006,6,9,52,10 м²,2.6м,0,0,0,2,23000000
монолитный,"
Астана, Алматы р-н
показать на карте
",1985,5,6,37,1.7 м²,-,0,0,0,1,16000000
монолитный,"
Астана, Сарыарка р-н
показать на карте
",2007,6,9,36,10 м²,2.7м,0,0,0,1,16800000
кирпичный,"
Астана
показать на карте
",2022,5,9,36,9 м²,3м,0,1,0,1,18000000
кирпичный,"
Астана, Алматы р-н
показать на карте
",2021,4,9,92,12 м²,2.8м,1,1,0,3,38500000
монолитный,"
Астана, Есильский р-н
показать на карте
",2022,-,-,69,0,3м,0,1,0,2,45500000
кирпичный,"
Астана, Алматы р-н
показать на карте
",2021,4,9,40,21 м²,2.7м,0,1,0,1,19200000
монолитный,"
Астана, Есильский р-н
показать на карте
",2023,-,-,56,0,-,0,0,0,2,26900000
кирпичный,"
Астана, Есильский р-н
показать на карте
",2019,4,5,64,9 м²,2.7м,0,0,0,2,28000000
монолитный,"
Астана, Есильский р-н
показать на карте
",2023,9,17,37,0,-,0,0,0,1,18100000
монолитный,"
Астана, Есильский р-н
показать на карте
",2009,-,-,12,17 м²,3м,1,1,0,3,61000000
кирпичный,"
Астана, Сарыарка р-н
показать на карте
",2014,2,15,36,9 м²,3м,0,0,0,1,16000000
кирпичный,"
Астана, Алматы р-н
показать на карте
",2012,-,-,63,10 м²,2.7м,0,0,0,2,25000000
кирпичный,"
Астана, Есильский р-н
показать на карте
",2022,-,-,43,12.6 м²,3м,0,0,1,1,18500000
монолитный,"
Астана, Есильский р-н
показать на карте
",2019,9,9,38,0,3м,0,1,0,1,25000000
кирпичный,"
Астана, Алматы р-н
показать на карте
",2019,6,9,38,9 м²,2.7м,0,0,0,1,18500000
кирпичный,"
Астана, Есильский р-н
показать на карте
",2014,6,7,44,9 м²,.15м,0,0,0,1,19000000
кирпичный,"
Астана, Алматы р-н
показать на карте
",2021,-,-,59,0,3м,0,0,0,2,33000000
монолитный,"
Астана, Есильский р-н
показать на карте
",2020,2,10,44,0,3м,0,1,0,1,27000000
кирпичный,"
Астана, Алматы р-н
показать на карте
",2014,9,9,78,9 м²,2.6м,0,0,0,3,32000000
-,"
Астана, Есильский р-н
показать на карте
",2010,6,9,57,0,2.7м,0,0,0,2,35000000
кирпичный,"
Астана, Алматы р-н
показать на карте
",2003,2,3,12,24 м²,3м,1,0,0,3,70000000
монолитный,"
Астана, Алматы р-н
показать на карте
",2021,7,10,45,16 м²,-,0,1,0,1,20999000
кирпичный,"
Астана, Алматы р-н
показать на карте
",2022,1,9,38,10 м²,8м,0,1,0,2,16500000
монолитный,"
Астана, Сарыарка р-н
показать на карте
",2008,-,-,41,11 м²,2.7м,0,0,0,1,19000000
монолитный,"
Астана
показать на карте
",2022,7,10,36,11.26 м²,2.8м,0,1,1,1,11000000
кирпичный,"
Астана, Есильский р-н
показать на карте
",2021,6,9,59,0,2.8м,1,0,1,2,32000000
монолитный,"
Астана, Алматы р-н
показать на карте
",2022,5,14,58,0,-,0,1,0,2,25800000
кирпичный,"
Астана, Алматы р-н
показать на карте
",2022,4,9,60,10 м²,3м,0,1,0,2,38000000
панельный,"
Астана, р-н Байконур
показать на карте
",1996,3,3,63,9 м²,-,0,0,0,3,29000000
монолитный,"
Астана, Сарыарка р-н
показать на карте
",2015,4,9,43,12.4 м²,2.7м,1,1,0,1,27000000
монолитный,"
Астана, Есильский р-н
показать на карте
",2017,2,9,58,11 м²,-,0,1,0,2,38000000
монолитный,"
Астана, Алматы р-н
показать на карте
",2009,4,18,70,0,3м,0,0,0,2,47000000
кирпичный,"
Астана, Есильский р-н
показать на карте
",2021,-,-,65,0,2.7м,0,0,0,3,35000000
монолитный,"
Астана, Есильский р-н
показать на карте
",2022,8,19,42,9.49 м²,2.7м,0,0,1,2,19500000
кирпичный,"
Астана, Алматы р-н
показать на карте
",1997,3,5,44,11 м²,2.8м,0,0,0,1,20000000
кирпичный,"
Астана, Алматы р-н
показать на карте
",2023,7,9,32,0,-,0,1,1,1,12000000
монолитный,"
Астана, Есильский р-н
показать на карте
",2019,-,-,44,0,2.8м,0,1,0,2,35000000
кирпичный,"
Астана, Алматы р-н
показать на карте
",2006,8,9,84,0,-,0,0,0,3,38000000
кирпичный,"
Астана, Сарыарка р-н
показать на карте
",2014,3,5,54,12.3 м²,2.7м,0,0,0,2,24770000
кирпичный,"
Астана, Сарыарка р-н
показать на карте
",2008,-,-,36,0,2.7м,0,0,0,1,14000000
кирпичный,"
Астана, Есильский р-н
показать на карте
",2022,8,10,38,10 м²,3м,0,1,1,1,19900000
монолитный,"
Астана, Есильский р-н
показать на карте
",2014,-,-,40,0,2.7м,0,1,0,2,27000000
кирпичный,"
Астана, Есильский р-н
показать на карте
",2022,5,6,70,12 м²,-,0,1,1,2,28000000
монолитный,"
Астана, Есильский р-н
показать на карте
",2022,7,7,18,0,-,0,0,0,4,165000000
монолитный,"
Астана, Алматы р-н
показать на карте
",2022,7,16,60,9.3 м²,2.7м,0,1,1,2,30000000
монолитный,"
Астана, Сарыарка р-н
показать на карте
",2023,-,-,51,0,3м,0,1,1,2,31000000
кирпичный,"
Астана, Сарыарка р-н
показать на карте
",2016,9,10,52,5.7 м²,2.7м,0,1,0,2,23000000
монолитный,"
Астана, Есильский р-н
показать на карте
",2017,-,-,10,0,.15м,1,1,0,3,65000000
кирпичный,"
Астана, Алматы р-н
показать на карте
",1988,5,5,80,9.5 м²,-,0,0,0,3,27500000
монолитный,"
Астана, Алматы р-н
показать на карте
",2020,8,12,11,16 м²,3м,1,1,0,4,73000000
монолитный,"
Астана, Алматы р-н
показать на карте
",2022,-,-,86,0,-,0,1,0,3,36500000
монолитный,"
Астана, Алматы р-н
показать на карте
",2016,-,-,41,12 м²,3м,0,1,0,1,30000000
кирпичный,"
Астана, Есильский р-н
показать на карте
",2022,4,12,55,0,3м,0,1,0,2,26500000
монолитный,"
Астана, р-н Байконур
показать на карте
",2012,3,25,40,10 м²,2.8м,0,1,0,1,16500000
монолитный,"
Астана, Алматы р-н
показать на карте
",2022,6,12,18,0,2.7м,0,1,0,1,9000000
кирпичный,"
Астана, Сарыарка р-н
показать на карте
",2023,4,12,58,12 м²,2.7м,0,1,0,2,22000000
-,"
Астана, Есильский р-н
показать на карте
",2019,1,6,57,0,2.8м,0,0,0,3,25000000
монолитный,"
Астана, Алматы р-н
показать на карте
",2014,9,14,72,0,-,0,0,0,3,28000000
кирпичный,"
Астана
показать на карте
",2023,7,12,39,0,3м,0,1,0,1,14000000
кирпичный,"
Астана, Есильский р-н
показать на карте
",2022,8,9,65,0,3м,1,1,1,3,28900000
панельный,"
Астана, Есильский р-н
показать на карте
",2023,4,13,42,10 м²,3м,0,1,1,1,18000000
монолитный,"
Астана, Есильский р-н
показать на карте
",2019,7,9,47,0,.75м,0,1,0,2,23500000
монолитный,"
Астана
показать на карте
",2006,7,13,84,14 м²,2.7м,0,1,0,2,28000000
монолитный,"
Астана, Есильский р-н
показать на карте
",2013,-,-,71,10 м²,-,0,1,0,2,38500000
монолитный,"
Астана, Алматы р-н
показать на карте
",2013,6,18,74,0,-,0,0,0,3,36000000
монолитный,"
Астана, Алматы р-н
показать на карте
",2014,4,14,73,9 м²,-,0,0,0,3,29990000
монолитный,"
Астана, Алматы р-н
показать на карте
",2022,5,9,40,10 м²,2.7м,0,1,1,1,17000000
монолитный,"
Астана, Есильский р-н
показать на карте
",2018,2,12,78,0,-,0,0,0,3,26000000
кирпичный,"
Астана, Есильский р-н
показать на карте
",2014,5,10,10,0,2.7м,0,1,0,4,54000000
монолитный,"
Астана, Есильский р-н
показать на карте
",2021,8,9,22,0,.45м,1,1,1,6,155000000
монолитный,"
Астана, Алматы р-н
показать на карте
",2018,-,-,75,0,3м,1,1,0,2,62500000
монолитный,"
Астана
показать на карте
",2022,4,9,38,12 м²,2.7м,0,1,0,1,16300000
монолитный,"
Астана, Алматы р-н
показать на карте
",2021,3,9,47,0,-,0,0,0,1,18200000
кирпичный,"
Астана, Сарыарка р-н
показать на карте
",2011,4,10,36,0,-,0,0,0,1,16000000
монолитный,"
Астана, Есильский р-н
показать на карте
",2015,3,7,58,0,3м,0,1,0,2,44000000
монолитный,"
Астана, Сарыарка р-н
показать на карте
",1977,1,5,30,0,2.5м,0,0,0,1,12900000
монолитный,"
Астана, Алматы р-н
показать на карте
",2022,-,-,54,8.4 м²,3м,0,0,1,2,24000000
панельный,"
Астана, Сарыарка р-н
показать на карте
",1980,3,5,47,0,2.5м,0,0,0,2,19700000
панельный,"
Астана, р-н Байконур
показать на карте
",1981,4,5,66,0,-,0,0,0,3,25000000
монолитный,"
Астана, Сарыарка р-н
показать на карте
",2008,-,-,14,0,3м,0,1,0,3,75000000
монолитный,"
Астана, Есильский р-н
показать на карте
",2016,6,8,54,13 м²,2.8м,0,0,0,2,34000000
монолитный,"
Астана, Есильский р-н
показать на карте
",2009,-,-,10,0,3м,0,0,0,3,56000000
кирпичный,"
Астана, Алматы р-н
показать на карте
",2012,6,6,78,12 м²,-,0,0,0,3,25400000
монолитный,"
Астана, Есильский р-н
показать на карте
",2018,7,9,43,0,2.8м,0,1,0,2,21800000
монолитный,"
Астана
показать на карте
",2022,4,8,43,10.7 м²,3м,0,1,1,1,19500000
монолитный,"
Астана, р-н Байконур
показать на карте
",2013,8,15,48,0,-,0,0,0,1,20000000
кирпичный,"
Астана, Есильский р-н
показать на карте
",2023,2,9,42,0,3м,0,1,0,2,34000000
кирпичный,"
Астана, Алматы р-н
показать на карте
",2021,6,9,39,10.6 м²,3м,0,1,1,1,18000000
кирпичный,"
Астана, Алматы р-н
показать на карте
",2022,6,10,47,7.6 м²,2.7м,0,0,1,2,16000000
кирпичный,"
Астана, Сарыарка р-н
показать на карте
",2006,3,9,75,0,2.7м,0,1,0,3,31000000
монолитный,"
Астана, Есильский р-н
показать на карте
",2018,2,14,58,8 м²,-,0,1,0,2,29900000
кирпичный,"
Астана, Сарыарка р-н
показать на карте
",2008,2,9,82,0,2.7м,1,0,0,3,32000000
монолитный,"
Астана, Есильский р-н
показать на карте
",2022,3,18,45,12 м²,3м,0,1,0,1,34955555
монолитный,"
Астана, Есильский р-н
показать на карте
",2015,9,9,37,0,-,0,0,0,1,23000000
кирпичный,"
Астана, Алматы р-н
показать на карте
",1996,5,5,65,0,-,0,0,0,3,23000000
панельный,"
Астана, Алматы р-н
показать на карте
",1990,5,5,75,10 м²,3м,0,0,0,3,25500000
панельный,"
Астана, Сарыарка р-н
показать на карте
",1974,3,4,59,7 м²,2.8м,0,0,0,3,24000000
монолитный,"
Астана, р-н Байконур
показать на карте
",2022,-,-,64,12.54 м²,2.9м,0,1,1,2,24500000
кирпичный,"
Астана, Сарыарка р-н
показать на карте
",2009,5,10,60,18 м²,2.8м,0,0,0,2,27000000
монолитный,"
Астана, Алматы р-н
показать на карте
",2009,2,13,88,12 м²,2.7м,1,0,0,3,42000000
кирпичный,"
Астана, Сарыарка р-н
показать на карте
",2014,-,-,37,0,2.7м,0,0,0,1,14500000
монолитный,"
Астана, Алматы р-н
показать на карте
",2021,9,21,52,7 м²,2.8м,0,1,0,2,50000000
монолитный,"
Астана, Есильский р-н
показать на карте
",2023,9,9,40,0,-,0,1,1,1,16300000
кирпичный,"
Астана, Есильский р-н
показать на карте
",2022,6,7,72,11 м²,-,0,0,0,3,32000000
монолитный,"
Астана, Есильский р-н
показать на карте
",2021,2,7,42,9.7 м²,2.8м,0,1,1,1,16000000
монолитный,"
Астана, Есильский р-н
показать на карте
",2019,4,10,39,10.9 м²,2.8м,0,1,0,1,24500000
кирпичный,"
Астана, Сарыарка р-н
показать на карте
",2017,4,7,47,14 м²,3м,0,1,0,1,28500000
-,"
Астана, Алматы р-н
показать на карте
",2023,5,9,91,0,-,0,0,1,3,40000000
монолитный,"
Астана, Алматы р-н
показать на карте
",2022,9,14,50,0,2.9м,0,1,1,2,20000000
монолитный,"
Астана, Есильский р-н
показать на карте
",2023,5,7,59,11.7 м²,3м,0,1,1,2,29500000
монолитный,"
Астана, Есильский р-н
показать на карте
",2022,1,9,36,8.51 м²,3м,0,1,1,1,15000000
кирпичный,"
Астана, р-н Байконур
показать на карте
",1971,3,5,55,5.8 м²,2.5м,0,0,0,2,17500000
кирпичный,"
Астана, Есильский р-н
показать на карте
",2022,1,3,27,0,-,0,1,1,1,7500000
монолитный,"
Астана, Есильский р-н
показать на карте
",2021,-,-,38,10 м²,-,0,1,0,1,21000000
монолитный,"
Астана, Алматы р-н
показать на карте
",2014,3,18,75,0,3м,0,1,0,2,60000000
монолитный,"
Астана, Есильский р-н
показать на карте
",2021,-,-,98,12 м²,2.7м,1,0,0,3,82000000
-,"
Астана, Есильский р-н
показать на карте
",2012,9,18,60,0,-,0,0,0,2,25000000
монолитный,"
Астана, Есильский р-н
показать на карте
",2013,3,6,24,0,3м,1,1,0,4,240000000
кирпичный,"
Астана, Есильский р-н
показать на карте
",2017,6,7,63,10 м²,-,0,0,0,2,29500000
монолитный,"
Астана, Есильский р-н
показать на карте
",2012,3,9,15,0,3.2м,1,1,0,3,57000000
кирпичный,"
Астана, Алматы р-н
показать на карте
",2003,2,5,72,11.7 м²,2.7м,0,0,0,3,32000000
монолитный,"
Астана, Есильский р-н
показать на карте
",2020,9,13,98,16 м²,-,0,0,0,3,40900000
монолитный,"
Астана, Есильский р-н
показать на карте
",2022,6,10,34,0,3м,0,1,1,1,18500000
кирпичный,"
Астана
показать на карте
",2020,7,9,46,9 м²,2.8м,0,0,0,1,22000000
монолитный,"
Астана, Есильский р-н
показать на карте
",2019,4,12,38,0,-,0,0,0,1,18000000
монолитный,"
Астана, Алматы р-н
показать на карте
",2023,5,9,67,0,2.7м,0,1,0,2,36000000
монолитный,"
Астана, Есильский р-н
показать на карте
",2018,4,9,58,9 м²,2.7м,0,0,0,2,32000000
монолитный,"
Астана, Алматы р-н
показать на карте
",2022,9,10,48,0,2.7м,0,0,0,1,17990000
кирпичный,"
Астана, Есильский р-н
показать на карте
",2020,9,9,55,0,2.5м,0,0,0,2,28000000
панельный,"
Астана, Сарыарка р-н
показать на карте
",1991,5,5,44,0,-,0,0,0,2,16399990
кирпичный,"
Астана, Алматы р-н
показать на карте
",2015,6,6,36,9 м²,2.5м,0,0,0,1,16000000
кирпичный,"
Астана, Есильский р-н
показать на карте
",2023,-,-,38,0,-,0,0,1,1,13800000
монолитный,"
Астана, Есильский р-н
показать на карте
",2022,-,-,86,12 м²,2.7м,0,1,0,3,53000000
кирпичный,"
Астана, Сарыарка р-н
показать на карте
",2004,6,9,50,0,2.7м,0,0,0,2,17900000
кирпичный,"
Астана, Есильский р-н
показать на карте
",2018,6,10,14,9 м²,3м,1,1,0,5,93000000
монолитный,"
Астана, Алматы р-н
показать на карте
",2022,-,-,84,0,3м,1,1,0,3,55500000
кирпичный,"
Астана
показать на карте
",2023,3,12,38,0,3м,0,1,0,1,15300000
монолитный,"
Астана, Есильский р-н
показать на карте
",2022,9,17,60,11 м²,3м,0,0,0,2,34200000
кирпичный,"
Астана, Есильский р-н
показать на карте
",2020,4,8,60,12 м²,2.7м,0,1,0,2,40000000
монолитный,"
Астана, Сарыарка р-н
показать на карте
",2019,2,12,53,0,-,0,0,1,2,20000000
кирпичный,"
Астана, Алматы р-н
показать на карте
",2007,8,10,69,16.8 м²,2.7м,0,0,0,2,29000000
кирпичный,"
Астана, Есильский р-н
показать на карте
",2011,6,9,72,0,2.7м,0,0,0,2,24000000
монолитный,"
Астана, Сарыарка р-н
показать на карте
",2017,-,-,50,0,-,0,1,0,2,22000000
монолитный,"
Астана, Алматы р-н
показать на карте
",2012,7,16,96,0,-,0,0,0,3,32500000
-,"
Астана, Есильский р-н
показать на карте
",2021,4,10,48,11.49 м²,-,0,0,1,1,22000000
кирпичный,"
Астана, Есильский р-н
показать на карте
",2014,-,-,10,0,-,1,0,0,4,39480000
-,"
Астана, Есильский р-н
показать на карте
",2016,9,9,61,0,2.7м,0,0,0,2,25000000
монолитный,"
Астана, Алматы р-н
показать на карте
",2020,3,12,63,14 м²,3м,0,0,0,2,30000000
панельный,"
Астана, Алматы р-н
показать на карте
",1975,4,5,42,8 м²,-,0,0,0,2,19500000
монолитный,"
Астана, Есильский р-н
показать на карте
",2023,-,-,13,0,3м,1,1,1,4,85000000
монолитный,"
Астана, Алматы р-н
показать на карте
",2022,-,-,43,10 м²,-,0,1,1,1,17900000
кирпичный,"
Астана, Алматы р-н
показать на карте
",2011,-,-,57,0,-,0,0,0,2,18500000
монолитный,"
Астана, Есильский р-н
показать на карте
",2019,-,-,50,0,3м,0,1,0,2,33500000
монолитный,"
Астана
показать на карте
",2022,2,9,68,10.17 м²,.63м,0,0,0,3,29022000
монолитный,"
Астана, Есильский р-н
показать на карте
",2017,8,8,65,10 м²,-,0,1,0,3,38000000
монолитный,"
Астана, Есильский р-н
показать на карте
",2023,6,16,11,0,3м,0,1,0,3,75000000
монолитный,"
Астана, Алматы р-н
показать на карте
",2009,2,14,60,10.6 м²,2.7м,0,0,0,2,30500000
монолитный,"
Астана, Алматы р-н
показать на карте
",2018,4,14,36,9 м²,2.8м,0,1,0,1,15500000
монолитный,"
Астана
показать на карте
",2023,-,-,57,0,3м,0,1,0,2,43500000
монолитный,"
Астана, Алматы р-н
показать на карте
",2017,-,-,10,0,3м,0,0,0,3,70000000
панельный,"
Астана, Алматы р-н
показать на карте
",2013,3,14,36,17 м²,2.7м,0,0,0,1,18000000
кирпичный,"
Астана, Алматы р-н
показать на карте
",2007,9,14,11,18 м²,2.7м,1,1,0,3,50000000
кирпичный,"
Астана, Есильский р-н
показать на карте
",2020,4,9,55,9 м²,-,0,0,0,2,23500000
кирпичный,"
Астана, Есильский р-н
показать на карте
",2016,5,7,72,6 м²,2.7м,0,1,0,3,35000000
монолитный,"
Астана, Есильский р-н
показать на карте
",2021,6,8,41,11 м²,3м,0,1,1,1,19300000
кирпичный,"
Астана, Сарыарка р-н
показать на карте
",2014,8,9,60,11.3 м²,2.7м,0,1,0,2,28000000
кирпичный,"
Астана, Сарыарка р-н
показать на карте
",2022,-,-,42,0,2.7м,0,0,0,1,17500000
кирпичный,"
Астана, Есильский р-н
показать на карте
",2021,6,9,60,10.5 м²,3м,0,0,0,2,45000000
кирпичный,"
Астана, Алматы р-н
показать на карте
",2022,5,6,31,0,2.7м,0,0,1,1,11200000
монолитный,"
Астана, Есильский р-н
показать на карте
",2016,8,12,12,0,3м,1,1,0,4,65000000
монолитный,"
Астана, Есильский р-н
показать на карте
",2022,3,7,30,0,.75м,0,1,0,1,17800000
монолитный,"
Астана, Есильский р-н
показать на карте
",2021,-,-,60,0,3м,0,1,0,2,38000000
кирпичный,"
Астана, Алматы р-н
показать на карте
",2019,6,6,38,0,2.8м,0,0,0,1,17400000
кирпичный,"
Астана, Сарыарка р-н
показать на карте
",1989,1,6,90,0,-,0,0,0,3,30000000
панельный,"
Астана, Алматы р-н
показать на карте
",1991,2,5,66,11.9 м²,-,0,0,0,3,28000000
монолитный,"
Астана, Есильский р-н
показать на карте
",2021,3,7,64,10 м²,-,0,1,0,2,36000000
кирпичный,"
Астана, Алматы р-н
показать на карте
",2021,3,5,30,0,-,0,0,0,1,16000000
монолитный,"
Астана, Алматы р-н
показать на карте
",2022,-,-,58,0,3м,0,1,0,2,35500000
кирпичный,"
Астана, Сарыарка р-н
показать на карте
",2008,9,12,89,10.9 м²,2.7м,0,0,0,3,45000000
кирпичный,"
Астана, Есильский р-н
показать на карте
",2022,-,-,69,0,-,0,0,0,2,29000000
кирпичный,"
Астана, Алматы р-н
показать на карте
",2011,5,5,21,0,2.8м,0,0,0,1,11000000
кирпичный,"
Астана, Алматы р-н
показать на карте
",2023,5,9,41,9 м²,2.7м,0,0,0,1,11480000
монолитный,"
Астана
показать на карте
",2022,8,19,32,9.2 м²,-,0,0,0,1,15600000
кирпичный,"
Астана
показать на карте
",2022,3,9,69,13 м²,2.7м,1,1,0,3,48000000
монолитный,"
Астана, Есильский р-н
показать на карте
",2020,-,-,11,14.2 м²,-,0,0,0,4,66000000
кирпичный,"
Астана
показать на карте
",2022,2,9,38,0,2.7м,0,0,0,1,15500000
панельный,"
Астана, Алматы р-н
показать на карте
",1993,-,-,50,0,2.5м,0,0,0,2,26000000
монолитный,"
Астана, Алматы р-н
показать на карте
",2014,6,24,49,12 м²,3м,0,1,0,1,20500000
кирпичный,"
Астана, Есильский р-н
показать на карте
",2021,5,22,72,16 м²,-,0,1,0,2,46000000
кирпичный,"
Астана, Алматы р-н
показать на карте
",2020,8,8,38,11 м²,-,0,1,0,1,19800000
монолитный,"
Астана, Алматы р-н
показать на карте
",2019,8,10,63,0,-,0,0,0,2,25990000
кирпичный,"
Астана, Сарыарка р-н
показать на карте
",2019,4,12,80,0,3м,0,0,1,3,25400000
кирпичный,"
Астана, Алматы р-н
показать на карте
",2005,4,5,87,0,-,0,0,0,3,30000000
-,"
Астана, Есильский р-н
показать на карте
",2018,7,19,45,13 м²,-,0,0,0,1,27700000
монолитный,"
Астана, Есильский р-н
показать на карте
",2012,1,12,58,12 м²,3.5м,0,1,0,2,25500000
кирпичный,"
Астана, Есильский р-н
показать на карте
",2022,4,10,45,0,3м,0,0,0,2,32000000
монолитный,"
Астана, р-н Байконур
показать на карте
",2010,2,17,35,0,2.7м,0,1,0,1,14500000
монолитный,"
Астана, Алматы р-н
показать на карте
",2013,4,8,14,0,3м,0,1,0,4,101000000
монолитный,"
Астана
показать на карте
",2019,4,12,38,0,-,0,0,0,1,18000000
монолитный,"
Астана, Есильский р-н
показать на карте
",2021,-,-,81,10.7 м²,2.7м,0,1,1,3,35000000
кирпичный,"
Астана, Алматы р-н
показать на карте
",2022,-,-,37,10 м²,3м,0,1,0,1,27000000
монолитный,"
Астана, Сарыарка р-н
показать на карте
",2021,-,-,36,0,3м,0,1,0,1,24500000
кирпичный,"
Астана, Есильский р-н
показать на карте
",2019,8,8,14,0,-,0,0,0,4,93000000
монолитный,"
Астана
показать на карте
",2020,3,12,40,9 м²,2.8м,0,0,0,1,18000000
монолитный,"
Астана, Алматы р-н
показать на карте
",2011,8,9,34,0,-,0,0,0,1,15800000
-,"
Астана, р-н Байконур
показать на карте
",2011,2,14,75,0,2.7м,0,1,0,2,29000000
кирпичный,"
Астана, Есильский р-н
показать на карте
",2019,2,9,53,0,-,0,0,0,2,29000000
монолитный,"
Астана, Сарыарка р-н
показать на карте
",2008,8,13,10,15 м²,3м,0,1,0,3,50168000
кирпичный,"
Астана
показать на карте
",2022,-,-,40,0,2.7м,0,0,0,1,19700000
монолитный,"
Астана, Сарыарка р-н
показать на карте
",2010,-,-,63,12.4 м²,2.7м,0,0,0,2,30000000
-,"
Астана, Алматы р-н
показать на карте
",2013,9,13,10,0,3м,0,1,0,2,43000000
монолитный,"
Астана, Алматы р-н
показать на карте
",2007,-,-,13,0,2.7м,1,1,0,3,49000000
монолитный,"
Астана, Сарыарка р-н
показать на карте
",2021,2,13,64,11 м²,7м,0,0,0,2,31500000
монолитный,"
Астана, Есильский р-н
показать на карте
",2021,-,-,37,9 м²,2.7м,0,1,0,1,22000000
кирпичный,"
Астана, Есильский р-н
показать на карте
",2021,4,9,85,0,-,0,0,0,3,52800000
кирпичный,"
Астана, Есильский р-н
показать на карте
",2015,3,4,72,10.6 м²,2.6м,1,1,0,3,32000000
кирпичный,"
Астана, Есильский р-н
показать на карте
",2019,8,9,57,0,3м,0,1,0,1,30000000
монолитный,"
Астана, Алматы р-н
показать на карте
",2022,-,-,55,0,3м,0,1,1,2,25500000
монолитный,"
Астана, Есильский р-н
показать на карте
",2018,9,14,57,0,.75м,0,1,0,2,24700000
кирпичный,"
Астана, Алматы р-н
показать на карте
",2017,-,-,18,0,2.7м,0,0,0,1,7600000
монолитный,"
Астана, Есильский р-н
показать на карте
",2014,4,7,12,0,3м,1,1,0,3,90000000
кирпичный,"
Астана, Есильский р-н
показать на карте
",2022,9,10,39,0,3м,0,0,0,2,22500000
монолитный,"
Астана, Алматы р-н
показать на карте
",2021,-,-,76,9 м²,2.8м,1,1,0,3,58500000
кирпичный,"
Астана, р-н Байконур
показать на карте
",2008,-,-,15,20 м²,3м,1,1,0,4,63000000
монолитный,"
Астана, Алматы р-н
показать на карте
",2010,-,-,57,0,-,0,0,0,2,17400000
монолитный,"
Астана, Есильский р-н
показать на карте
",2015,3,12,10,0,.75м,1,1,0,3,49500000
-,"
Астана, Есильский р-н
показать на карте
",2015,3,5,10,0,-,0,0,0,3,64800000
монолитный,"
Астана, Алматы р-н
показать на карте
",2022,4,16,66,11.1 м²,.85м,0,1,0,2,26800000
кирпичный,"
Астана, Алматы р-н
показать на карте
",2022,9,9,37,10.5 м²,2.8м,0,0,1,1,15300000
монолитный,"
Астана, р-н Байконур
показать на карте
",2010,2,17,35,0,2.7м,0,1,0,1,14500000
кирпичный,"
Астана, Есильский р-н
показать на карте
",2019,9,10,11,0,3м,0,1,0,3,95000000
кирпичный,"
Астана, Есильский р-н
показать на карте
",2019,3,7,25,0,-,0,0,0,6,460000000
монолитный,"
Астана, Есильский р-н
показать на карте
",2010,9,9,83,15 м²,3м,1,1,0,2,38555555
монолитный,"
Астана, Есильский р-н
показать на карте
",2016,3,8,14,0,3м,0,1,0,4,115000000
кирпичный,"
Астана, Есильский р-н
показать на карте
",2016,7,9,10,0,3.2м,1,1,0,3,49900000
монолитный,"
Астана, Есильский р-н
показать на карте
",2019,3,9,71,12.1 м²,2.7м,0,1,0,2,35000000
кирпичный,"
Астана, р-н Байконур
показать на карте
",1975,3,5,60,0,-,0,0,0,3,23300000
-,"
Астана, Сарыарка р-н
показать на карте
",2007,3,3,11,0,-,0,0,0,3,36000000
кирпичный,"
Астана, Есильский р-н
показать на карте
",2023,7,12,45,0,3м,0,1,1,1,26000000
монолитный,"
Астана, Алматы р-н
показать на карте
",2014,-,-,65,0,3м,0,1,0,3,25500000
кирпичный,"
Астана, Есильский р-н
показать на карте
",2021,-,-,77,11.9 м²,3м,0,1,0,3,46500000
монолитный,"
Астана, Алматы р-н
показать на карте
",2016,7,18,74,15 м²,-,0,1,0,2,40000000
монолитный,"
Астана, Сарыарка р-н
показать на карте
",2010,8,18,72,0,2.8м,0,0,0,2,24000000
монолитный,"
Астана, Есильский р-н
показать на карте
",2021,-,-,28,0,2.9м,0,1,0,1,15990000
монолитный,"
Астана, Есильский р-н
показать на карте
",2023,8,9,10,15.15 м²,3м,1,1,1,3,62000000
монолитный,"
Астана, Алматы р-н
показать на карте
",2016,-,-,76,10 м²,2.7м,0,1,0,2,40000000
монолитный,"
Астана, Есильский р-н
показать на карте
",2008,7,43,76,0,2.8м,0,1,0,2,40000000
кирпичный,"
Астана, Есильский р-н
показать на карте
",2015,5,5,34,0,2.7м,0,1,0,1,12500000
монолитный,"
Астана, Есильский р-н
показать на карте
",2021,5,12,36,9 м²,3м,0,1,0,1,24000000
кирпичный,"
Астана, Алматы р-н
показать на карте
",2012,6,6,78,0,-,0,0,0,3,25400000
кирпичный,"
Астана, Алматы р-н
показать на карте
",2010,8,16,58,9 м²,2.7м,0,0,0,2,27500000
кирпичный,"
Астана, Сарыарка р-н
показать на карте
",2012,5,9,10,10 м²,2.8м,0,0,0,4,36000000
кирпичный,"
Астана, Есильский р-н
показать на карте
",2019,2,9,82,0,3.3м,0,1,0,3,66000000
кирпичный,"
Астана, Есильский р-н
показать на карте
",2018,-,-,58,0,2.7м,0,0,0,2,25000000
кирпичный,"
Астана, Алматы р-н
показать на карте
",1991,4,6,52,0,2.7м,0,0,0,2,20000000
кирпичный,"
Астана, Алматы р-н
показать на карте
",2016,2,9,58,9 м²,-,0,0,0,2,23000000
монолитный,"
Астана, р-н Байконур
показать на карте
",2009,-,-,75,0,2.7м,1,1,0,2,30500000
монолитный,"
Астана
показать на карте
",2018,-,-,92,0,3м,0,1,0,3,52999999
кирпичный,"
Астана, Сарыарка р-н
показать на карте
",2019,6,7,13,0,3.3м,0,1,1,3,87999990
кирпичный,"
Астана, Алматы р-н
показать на карте
",2023,1,9,38,10 м²,8м,0,0,0,1,12500000
монолитный,"
Астана, Алматы р-н
показать на карте
",2016,8,18,76,15 м²,2.7м,0,1,0,2,40500000
монолитный,"
Астана, Алматы р-н
показать на карте
",2009,-,-,36,0,-,0,0,0,1,16000000
кирпичный,"
Астана, Алматы р-н
показать на карте
",2013,4,13,34,0,-,0,0,0,1,15500000
кирпичный,"
Астана, Есильский р-н
показать на карте
",2018,-,-,80,0,3м,0,1,0,3,51000000
монолитный,"
Астана, Есильский р-н
показать на карте
",2019,-,-,66,0,3м,1,0,0,2,66000000
монолитный,"
Астана, Есильский р-н
показать на карте
",2011,-,-,11,0,3м,0,1,0,3,45000000
монолитный,"
Астана, Есильский р-н
показать на карте
",2020,2,8,88,0,2.7м,1,0,0,3,64000000
монолитный,"
Астана, Есильский р-н
показать на карте
",2016,8,13,60,0,2.7м,0,1,0,2,21800000
монолитный,"
Астана
показать на карте
",2024,3,9,12,0,-,0,0,0,4,51687840
кирпичный,"
Астана, Алматы р-н
показать на карте
",2014,-,-,61,14 м²,-,0,0,0,2,29000000
кирпичный,"
Астана, Есильский р-н
показать на карте
",2019,7,7,56,0,3.3м,0,1,0,2,11900000
монолитный,"
Астана, Есильский р-н
показать на карте
",2018,-,-,13,0,2.8м,0,1,0,4,92000000
монолитный,"
Астана, Есильский р-н
показать на карте
",2006,-,-,56,0,3м,0,1,0,1,32000000
монолитный,"
Астана, Алматы р-н
показать на карте
",2018,8,17,39,0,-,0,0,0,1,16500000
кирпичный,"
Астана, Есильский р-н
показать на карте
",2016,3,7,29,0,3м,1,1,0,5,147000000
кирпичный,"
Астана, Сарыарка р-н
показать на карте
",2011,6,9,49,8.8 м²,-,0,0,0,2,23500000
монолитный,"
Астана, Есильский р-н
показать на карте
",2019,9,14,63,0,3м,0,0,0,2,48000000
монолитный,"
Астана, Есильский р-н
показать на карте
",2023,-,-,69,0,3м,0,0,1,2,29500000
монолитный,"
Астана, Алматы р-н
показать на карте
",2023,7,9,60,9 м²,2.7м,0,1,0,2,30000000
монолитный,"
Астана, Алматы р-н
показать на карте
",2021,3,9,61,12 м²,2.7м,0,0,0,2,24000000
кирпичный,"
Астана, Есильский р-н
показать на карте
",2021,5,9,42,11 м²,3м,0,1,0,1,26500000
монолитный,"
Астана, Есильский р-н
показать на карте
",2008,2,9,99,15 м²,2.7м,0,0,0,3,43000000
кирпичный,"
Астана, Сарыарка р-н
показать на карте
",2023,7,12,41,10.22 м²,-,0,0,1,1,14000000
кирпичный,"
Астана, Есильский р-н
показать на карте
",2017,6,14,54,0,3м,0,1,0,2,26990000
кирпичный,"
Астана, Сарыарка р-н
показать на карте
",2000,7,13,17,0,-,0,0,0,4,70000000
кирпичный,"
Астана, Сарыарка р-н
показать на карте
",1990,3,4,65,0,-,0,0,0,3,18500000
монолитный,"
Астана, Алматы р-н
показать на карте
",2012,4,17,45,20 м²,2.8м,0,0,0,1,20000000
монолитный,"
Астана, Есильский р-н
показать на карте
",2022,4,6,36,9 м²,3м,0,1,0,1,16500000
кирпичный,"
Астана, Сарыарка р-н
показать на карте
",2007,-,-,58,0,-,0,0,0,3,18500000
кирпичный,"
Астана, р-н Байконур
показать на карте
",2005,2,9,67,0,2.8м,0,0,0,2,25300000
кирпичный,"
Астана, Сарыарка р-н
показать на карте
",2014,3,3,35,0,2.6м,0,0,0,1,11300000
монолитный,"
Астана, Есильский р-н
показать на карте
",2016,3,16,78,18.7 м²,2.7м,0,1,0,2,33500000
монолитный,"
Астана, Есильский р-н
показать на карте
",2016,1,9,30,0,-,0,1,0,1,16800000
кирпичный,"
Астана, Алматы р-н
показать на карте
",1989,5,5,36,0,2.7м,0,0,0,1,15500000
кирпичный,"
Астана, Сарыарка р-н
показать на карте
",2014,7,10,34,0,2.7м,0,0,0,1,14000000
-,"
Астана, Есильский р-н
показать на карте
",2014,6,13,84,0,2.7м,0,1,0,3,34200000
монолитный,"
Астана, Есильский р-н
показать на карте
",2019,5,5,64,0,2.7м,0,1,0,2,35000000
кирпичный,"
Астана, Сарыарка р-н
показать на карте
",2011,5,9,84,0,2.7м,0,0,0,3,31000000
кирпичный,"
Астана, Есильский р-н
показать на карте
",2015,3,5,14,0,3м,1,1,0,3,80000000
монолитный,"
Астана, Есильский р-н
показать на карте
",2018,-,-,63,0,3м,0,1,0,2,30500000
кирпичный,"
Астана, р-н Байконур
показать на карте
",1984,7,7,30,0,-,0,0,0,1,11400000
монолитный,"
Астана, Есильский р-н
показать на карте
",2013,2,14,85,14.6 м²,-,0,0,0,3,39000000
кирпичный,"
Астана, Алматы р-н
показать на карте
",2004,4,5,63,0,2.7м,0,0,0,2,25500000
-,"
Астана, Есильский р-н
показать на карте
",2014,-,-,51,0,2.5м,0,0,0,2,24000000
монолитный,"
Астана, Есильский р-н
показать на карте
",2016,3,9,62,0,-,0,1,0,2,30000000
монолитный,"
Астана, Есильский р-н
показать на карте
",2016,6,12,12,0,3м,1,1,0,3,60000000
кирпичный,"
Астана, Есильский р-н
показать на карте
",2019,6,9,67,0,-,0,1,0,2,34899000
кирпичный,"
Астана, Алматы р-н
показать на карте
",2022,-,-,46,0,2.7м,0,1,0,2,25000000
кирпичный,"
Астана, Алматы р-н
показать на карте
",2013,6,6,34,0,-,0,0,0,1,16400000
монолитный,"
Астана, Алматы р-н
показать на карте
",2015,5,25,51,0,2.7м,0,1,0,1,25000000
кирпичный,"
Астана, Алматы р-н
показать на карте
",1993,3,10,68,0,-,0,0,0,3,29999999
кирпичный,"
Астана, Сарыарка р-н
показать на карте
",2021,4,9,38,0,3м,0,1,0,1,24000000
монолитный,"
Астана, Есильский р-н
показать на карте
",2023,-,-,40,10.4 м²,3м,0,1,1,1,17000000
монолитный,"
Астана, Есильский р-н
показать на карте
",2023,-,-,65,0,3м,0,0,1,2,40000000
кирпичный,"
Астана, Есильский р-н
показать на карте
",2022,2,12,39,0,3м,0,0,0,1,20500000
кирпичный,"
Астана, Алматы р-н
показать на карте
",2018,5,5,31,6 м²,2.9м,0,0,0,1,15450000
монолитный,"
Астана, Есильский р-н
показать на карте
",2016,2,15,11,0,-,0,0,0,3,53000000
кирпичный,"
Астана, Сарыарка р-н
показать на карте
",2015,7,9,35,0,2.7м,0,1,0,1,14900000
кирпичный,"
Астана, Есильский р-н
показать на карте
",2018,4,7,70,0,-,0,0,0,2,23999999
монолитный,"
Астана, Есильский р-н
показать на карте
",2017,7,8,70,0,-,0,0,0,3,30000000
кирпичный,"
Астана, Есильский р-н
показать на карте
",2019,8,9,57,0,-,0,0,0,2,30000000
кирпичный,"
Астана, Есильский р-н
показать на карте
",2021,7,10,75,8.4 м²,2.7м,0,1,1,2,39350000
монолитный,"
Астана, Алматы р-н
показать на карте
",2006,7,9,80,18 м²,2.7м,0,0,0,3,45000000
-,"
Астана, р-н Байконур
показать на карте
",2008,3,16,29,0,-,0,0,0,1,12000000
кирпичный,"
Астана, Сарыарка р-н
показать на карте
",1972,4,5,43,6 м²,2.5м,0,0,0,2,17200000
монолитный,"
Астана
показать на карте
",2023,4,17,94,16.45 м²,3м,0,1,0,3,56000000
кирпичный,"
Астана, р-н Байконур
показать на карте
",2005,2,10,53,0,3м,0,1,0,1,19900000
монолитный,"
Астана, Алматы р-н
показать на карте
",2017,-,-,45,0,.85м,0,0,1,1,17500000
кирпичный,"
Астана, р-н Байконур
показать на карте
",2010,-,-,47,0,2.7м,0,1,0,2,20000000
монолитный,"
Астана, Алматы р-н
показать на карте
",2013,2,25,13,24 м²,-,1,0,0,3,90000000
монолитный,"
Астана, Есильский р-н
показать на карте
",2013,9,16,54,0,.75м,0,1,0,2,31000000
монолитный,"
Астана, Есильский р-н
показать на карте
",2005,5,9,54,20 м²,2.7м,0,1,0,1,26000000
панельный,"
Астана, р-н Байконур
показать на карте
",1980,3,5,47,0,-,0,0,0,2,21000000
кирпичный,"
Астана, Есильский р-н
показать на карте
",2019,4,5,72,15 м²,2.8м,0,1,0,2,20700000
панельный,"
Астана, Сарыарка р-н
показать на карте
",1974,3,4,42,0,2.7м,0,0,0,2,17000000
монолитный,"
Астана, Алматы р-н
показать на карте
",2022,6,15,40,10 м²,3м,0,1,0,1,19000000
монолитный,"
Астана, Есильский р-н
показать на карте
",2019,2,12,37,0,-,0,0,0,1,21900000
монолитный,"
Астана, Есильский р-н
показать на карте
",2023,3,16,71,7 м²,3м,0,0,0,3,38000000
кирпичный,"
Астана, Сарыарка р-н
показать на карте
",1978,1,5,52,10 м²,2.5м,0,0,0,2,35000000
кирпичный,"
Астана, р-н Байконур
показать на карте
",2016,3,6,22,0,3м,1,1,0,4,230000000
монолитный,"
Астана, Есильский р-н
показать на карте
",2012,-,-,47,0,2.7м,0,0,0,2,21500000
-,"
Астана, Алматы р-н
показать на карте
",1999,-,-,51,0,-,0,0,0,2,20400000
кирпичный,"
Астана, Есильский р-н
показать на карте
",2020,-,-,47,12 м²,3м,0,1,0,1,23000000
кирпичный,"
Астана, Есильский р-н
показать на карте
",2022,1,10,88,0,3м,0,0,0,3,42000000
монолитный,"
Астана, Есильский р-н
показать на карте
",2021,2,9,62,14 м²,2.7м,0,1,0,2,42000000
монолитный,"
Астана, Есильский р-н
показать на карте
",2014,-,-,51,0,2.7м,0,1,0,2,24000000
кирпичный,"
Астана, Есильский р-н
показать на карте
",2023,3,10,41,10.6 м²,-,0,0,0,1,18500000
монолитный,"
Астана, Алматы р-н
показать на карте
",2022,4,15,33,0,3м,0,0,0,1,15600000
кирпичный,"
Астана, р-н Байконур
показать на карте
",2001,5,6,69,8.5 м²,2.7м,0,0,0,3,34700000
монолитный,"
Астана, Алматы р-н
показать на карте
",2022,8,17,41,9.2 м²,3м,0,1,1,1,19500000
кирпичный,"
Астана, Алматы р-н
показать на карте
",2004,5,9,65,0,-,0,0,0,2,26950000
кирпичный,"
Астана, Алматы р-н
показать на карте
",2006,5,9,69,17 м²,2.7м,0,0,0,3,31000000
кирпичный,"
Астана, Сарыарка р-н
показать на карте
",1978,1,5,52,10 м²,2.8м,0,0,0,2,34999999
панельный,"
Астана, Есильский р-н
показать на карте
",2015,5,9,63,11 м²,-,0,0,0,2,29000000
монолитный,"
Астана, Алматы р-н
показать на карте
",2018,3,8,38,0,2.7м,0,1,0,1,21700000
кирпичный,"
Астана, Алматы р-н
показать на карте
",2010,-,-,11,0,2.8м,0,0,0,3,41000000
кирпичный,"
Астана, Алматы р-н
показать на карте
",2019,4,9,56,0,3м,0,1,0,2,40000000
кирпичный,"
Астана, Алматы р-н
показать на карте
",2019,3,7,15,0,3.3м,1,1,0,4,139000000
панельный,"
Астана, р-н Байконур
показать на карте
",1976,4,9,28,0,-,0,0,0,1,11850000
кирпичный,"
Астана, Сарыарка р-н
показать на карте
",2006,5,9,56,0,2.7м,0,0,0,2,19400000
монолитный,"
Астана, Есильский р-н
показать на карте
",2009,8,13,10,0,3м,0,1,0,2,55000000
кирпичный,"
Астана, Есильский р-н
показать на карте
",2019,4,9,60,0,3м,0,1,0,2,32600000
-,"
Астана, р-н Байконур
показать на карте
",1977,5,5,64,0,2.7м,0,0,0,3,25000000
-,"
Астана, р-н Байконур
показать на карте
",1981,4,5,66,0,-,0,0,0,3,25000000
панельный,"
Астана, р-н Байконур
показать на карте
",1979,2,5,36,0,2.7м,0,0,0,2,16500000
кирпичный,"
Астана, Есильский р-н
показать на карте
",2015,9,9,16,0,3м,1,1,0,3,79700000
кирпичный,"
Астана, Есильский р-н
показать на карте
",2017,5,5,36,0,-,0,0,0,1,13000000
кирпичный,"
Астана, Сарыарка р-н
показать на карте
",2022,2,12,61,13.1 м²,2.7м,0,0,0,2,35000000
монолитный,"
Астана, Есильский р-н
показать на карте
",2021,8,12,63,0,3м,0,1,0,2,42000000
монолитный,"
Астана, Есильский р-н
показать на карте
",2021,-,-,60,0,2.7м,0,1,0,2,35000000
монолитный,"
Астана, Есильский р-н
показать на карте
",2011,-,-,55,15 м²,2.7м,0,1,0,1,23500000
монолитный,"
Астана, Есильский р-н
показать на карте
",2020,-,-,80,0,3м,0,0,0,3,49000000
-,"
Астана
показать на карте
",2023,4,9,16,20 м²,-,0,0,1,4,160000000
кирпичный,"
Астана, Сарыарка р-н
показать на карте
",1986,5,5,50,7 м²,-,0,0,0,2,15900000
монолитный,"
Астана, Есильский р-н
показать на карте
",2018,2,8,87,0,3м,0,1,0,3,48500000
монолитный,"
Астана, Есильский р-н
показать на карте
",2018,-,-,13,0,3м,0,0,0,4,81000000
монолитный,"
Астана
показать на карте
",2013,-,-,47,0,-,0,0,0,2,19500000
кирпичный,"
Астана, Алматы р-н
показать на карте
",2019,2,10,46,0,-,0,1,0,1,19400000
монолитный,"
Астана, р-н Байконур
показать на карте
",2013,-,-,76,0,3м,0,1,0,3,26000000
монолитный,"
Астана, Алматы р-н
показать на карте
",2022,5,15,40,10 м²,3м,0,1,1,1,19500000
кирпичный,"
Астана, Алматы р-н
показать на карте
",2020,7,9,36,10 м²,2.7м,0,1,0,1,15299990
кирпичный,"
Астана, Есильский р-н
показать на карте
",2020,1,9,46,8 м²,3м,0,1,0,1,26500000
кирпичный,"
Астана, Есильский р-н
показать на карте
",2015,5,5,33,0,-,0,1,0,1,15000000
кирпичный,"
Астана, Есильский р-н
показать на карте
",2015,9,10,58,0,-,0,0,0,2,23000000
кирпичный,"
Астана, Сарыарка р-н
показать на карте
",2022,-,-,39,12 м²,2.7м,0,0,1,1,15500000
кирпичный,"
Астана, Сарыарка р-н
показать на карте
",2011,7,14,47,14.4 м²,2.7м,0,0,0,1,22000000
монолитный,"
Астана, Алматы р-н
показать на карте
",2016,-,-,60,0,2.7м,0,0,0,2,26500000
кирпичный,"
Астана, Алматы р-н
показать на карте
",2013,4,13,70,12.4 м²,2.7м,0,0,0,3,33900000
монолитный,"
Астана, Алматы р-н
показать на карте
",2015,-,-,74,10 м²,-,0,0,0,3,35000000
кирпичный,"
Астана, Есильский р-н
показать на карте
",2018,-,-,26,0,2.7м,0,1,0,1,11000000
панельный,"
Астана, Алматы р-н
показать на карте
",1990,4,5,10,0,-,0,0,0,4,33500000
кирпичный,"
Астана, р-н Байконур
показать на карте
",2018,9,10,68,0,-,0,1,1,2,28000000
монолитный,"
Астана, Сарыарка р-н
показать на карте
",2003,8,9,75,0,-,0,0,0,3,42500000
монолитный,"
Астана
показать на карте
",2012,4,12,76,0,2.7м,0,1,0,2,30000000
кирпичный,"
Астана, Сарыарка р-н
показать на карте
",2011,4,9,34,10 м²,-,0,0,0,1,16000000
монолитный,"
Астана, Есильский р-н
показать на карте
",2013,-,-,67,0,-,0,1,0,2,37500000
кирпичный,"
Астана, Есильский р-н
показать на карте
",2022,-,-,39,10 м²,3м,0,0,0,1,20500000
кирпичный,"
Астана, Есильский р-н
показать на карте
",2018,-,-,39,0,-,0,1,0,1,20000000
-,"
Астана
показать на карте
",2015,9,9,33,8 м²,-,0,1,0,1,24000000
монолитный,"
Астана, Есильский р-н
показать на карте
",2023,2,15,40,9.97 м²,3м,0,0,1,1,21000000
монолитный,"
Астана, Есильский р-н
показать на карте
",2022,6,10,57,0,3м,0,0,0,2,51000000
панельный,"
Астана, р-н Байконур
показать на карте
",1984,3,5,46,7 м²,2.7м,0,0,0,2,18700000
монолитный,"
Астана, Есильский р-н
показать на карте
",2021,6,12,80,0,3м,0,1,0,3,50000000
панельный,"
Астана, Сарыарка р-н
показать на карте
",1986,5,5,63,7 м²,-,0,0,0,3,23500000
монолитный,"
Астана, Алматы р-н
показать на карте
",2022,8,12,52,9 м²,-,0,1,0,2,23700000
монолитный,"
Астана, Есильский р-н
показать на карте
",2022,4,16,33,9.1 м²,2.7м,0,0,0,1,15400000
монолитный,"
Астана, Есильский р-н
показать на карте
",2024,-,-,39,10 м²,-,0,1,1,1,12500000
монолитный,"
Астана, Алматы р-н
показать на карте
",2016,7,18,12,12 м²,3м,1,1,0,4,75000000
кирпичный,"
Астана, Алматы р-н
показать на карте
",2003,1,6,30,0,2.7м,0,0,0,1,16000000
монолитный,"
Астана, Алматы р-н
показать на карте
",2021,8,12,42,10 м²,-,0,1,1,1,16500000
монолитный,"
Астана, Есильский р-н
показать на карте
",2021,-,-,38,0,-,0,1,0,1,22000000
монолитный,"
Астана, Есильский р-н
показать на карте
",2011,-,-,45,0,3м,0,1,0,2,22400000
кирпичный,"
Астана, Алматы р-н
показать на карте
",2022,-,-,61,0,-,0,1,0,2,27000000
-,"
Астана, Алматы р-н
показать на карте
",2018,9,15,47,0,3м,0,1,0,1,26900000
монолитный,"
Астана, Есильский р-н
показать на карте
",2020,7,10,65,12 м²,3м,0,1,0,2,35999999
монолитный,"
Астана, Есильский р-н
показать на карте
",2009,-,-,82,0,2.8м,0,1,0,3,40000000
кирпичный,"
Астана, Есильский р-н
показать на карте
",2022,3,14,59,9.47 м²,2.7м,0,1,0,2,27000000
монолитный,"
Астана, Есильский р-н
показать на карте
",2006,-,-,11,17.7 м²,3м,1,1,0,3,70000000
монолитный,"
Астана, Алматы р-н
показать на карте
",2013,-,-,59,0,-,0,1,0,2,22400000
монолитный,"
Астана, Есильский р-н
показать на карте
",2017,7,8,85,0,3м,0,1,0,3,52900000
монолитный,"
Астана, Алматы р-н
показать на карте
",2011,-,-,57,0,3м,0,1,0,2,25500000
монолитный,"
Астана, Сарыарка р-н
показать на карте
",2012,7,18,79,0,3м,0,1,0,2,35000000
кирпичный,"
Астана, Есильский р-н
показать на карте
",2021,8,10,38,0,3м,0,1,0,1,22500000
кирпичный,"
Астана, Алматы р-н
показать на карте
",2012,4,10,42,12.1 м²,2.7м,0,0,0,1,20300000
кирпичный,"
Астана, Есильский р-н
показать на карте
",2023,-,-,89,0,3.3м,0,0,1,3,72000000
-,"
Астана, Есильский р-н
показать на карте
",2020,5,16,31,7 м²,-,0,0,0,1,17900000
кирпичный,"
Астана, Есильский р-н
показать на карте
",2023,2,6,30,0,3м,0,1,0,1,11000000
кирпичный,"
Астана
показать на карте
",2022,2,12,38,0,3м,0,1,1,1,16000000
кирпичный,"
Астана, Алматы р-н
показать на карте
",2022,6,9,31,8 м²,2.7м,0,1,1,1,11500000
монолитный,"
Астана, Сарыарка р-н
показать на карте
",2006,-,-,82,0,3м,0,1,0,3,43000000
кирпичный,"
Астана, Алматы р-н
показать на карте
",2021,-,-,40,15 м²,2.7м,0,1,0,1,21500000
кирпичный,"
Астана, Алматы р-н
показать на карте
",2013,6,7,78,11 м²,2.8м,0,0,0,3,26000000
монолитный,"
Астана, Есильский р-н
показать на карте
",2016,6,12,12,0,3м,0,1,0,3,60000000
кирпичный,"
Астана, р-н Байконур
показать на карте
",2006,4,13,13,0,3м,0,1,0,3,45000000
кирпичный,"
Астана, Сарыарка р-н
показать на карте
",2008,6,12,65,12 м²,2.7м,0,0,0,2,28500000
монолитный,"
Астана, Алматы р-н
показать на карте
",2022,4,13,39,0,3м,0,1,0,1,24000000
кирпичный,"
Астана, Есильский р-н
показать на карте
",2023,4,10,54,10 м²,-,0,0,0,2,25000000
кирпичный,"
Астана, Есильский р-н
показать на карте
",2023,7,12,39,10 м²,3м,0,0,0,1,14800000
кирпичный,"
Астана, Алматы р-н
показать на карте
",2006,1,9,17,1 м²,2.7м,0,0,0,1,8800000
монолитный,"
Астана, Сарыарка р-н
показать на карте
",2010,-,-,23,0,-,1,1,0,4,88000000
кирпичный,"
Астана, Сарыарка р-н
показать на карте
",2011,5,9,35,9 м²,2.5м,0,0,0,1,17000000
монолитный,"
Астана, Есильский р-н
показать на карте
",2022,-,-,27,0,2.8м,0,1,1,1,11900000
кирпичный,"
Астана, Есильский р-н
показать на карте
",2022,6,10,36,0,3м,0,1,0,1,21700000
кирпичный,"
Астана, Есильский р-н
показать на карте
",2022,3,10,36,0,-,0,0,0,1,17000000
-,"
Астана, Алматы р-н
показать на карте
",2018,-,-,40,0,-,0,0,0,1,26000000
кирпичный,"
Астана, Алматы р-н
показать на карте
",2019,2,9,44,0,2.7м,0,1,0,1,24000000
монолитный,"
Астана, Сарыарка р-н
показать на карте
",2012,-,-,56,0,3м,0,1,0,2,28000000
кирпичный,"
Астана, Есильский р-н
показать на карте
",2022,3,7,58,0,-,0,0,0,2,22000000
монолитный,"
Астана, Есильский р-н
показать на карте
",2023,7,9,33,0,2.8м,0,1,1,1,10500000
кирпичный,"
Астана, Есильский р-н
показать на карте
",2018,5,9,87,10 м²,-,0,1,0,3,40000000
кирпичный,"
Астана, Сарыарка р-н
показать на карте
",2013,9,9,37,11 м²,2.7м,0,0,0,1,14000000
монолитный,"
Астана, Есильский р-н
показать на карте
",2019,-,-,58,0,-,0,0,0,2,42000000
кирпичный,"
Астана, Есильский р-н
показать на карте
",2022,6,9,66,0,3м,0,1,1,2,25999999
кирпичный,"
Астана, Алматы р-н
показать на карте
",2010,-,-,44,0,2.7м,0,0,0,1,17400000
кирпичный,"
Астана, Алматы р-н
показать на карте
",2011,3,9,10,20 м²,2.8м,0,1,0,3,43000000
-,"
Астана, Сарыарка р-н
показать на карте
",2021,4,12,71,0,2.7м,1,0,0,3,27500000
кирпичный,"
Астана, Алматы р-н
показать на карте
",2023,1,9,30,0,-,0,0,0,1,9500000
кирпичный,"
Астана, Есильский р-н
показать на карте
",2021,7,7,55,10 м²,-,0,0,0,2,25500000
монолитный,"
Астана, Есильский р-н
показать на карте
",2019,7,13,33,10 м²,3м,0,1,0,1,18200000
кирпичный,"
Астана, Сарыарка р-н
показать на карте
",2022,7,7,83,8 м²,3м,0,1,0,3,49000000
-,"
Астана, Есильский р-н
показать на карте
",2022,7,12,67,13 м²,-,0,1,0,2,25000000
монолитный,"
Астана, Есильский р-н
показать на карте
",2021,6,9,41,0,2.7м,0,1,0,2,26500000
кирпичный,"
Астана, Алматы р-н
показать на карте
",2023,9,9,32,9.3 м²,2.7м,0,0,0,1,10000000
монолитный,"
Астана, Алматы р-н
показать на карте
",2018,5,10,40,8 м²,2.8м,0,1,0,1,20000000
-,"
Астана, Сарыарка р-н
показать на карте
",1974,2,5,45,6 м²,-,0,0,0,2,18000900
кирпичный,"
Астана, Есильский р-н
показать на карте
",2021,1,12,39,10 м²,2.7м,0,0,1,1,18000000
монолитный,"
Астана, Алматы р-н
показать на карте
",2011,3,13,61,11.9 м²,2.7м,0,1,0,2,27000000
-,"
Астана, Есильский р-н
показать на карте
",2022,5,18,12,0,3м,0,1,1,4,56500000
кирпичный,"
Астана, Алматы р-н
показать на карте
",2021,6,7,60,0,2.7м,0,1,0,2,27500000
монолитный,"
Астана, р-н Байконур
показать на карте
",2009,9,18,69,0,3м,1,1,0,2,27900000
кирпичный,"
Астана, Алматы р-н
показать на карте
",2021,9,9,61,0,2.7м,0,1,0,2,29000000
монолитный,"
Астана, Есильский р-н
показать на карте
",2023,3,9,11,13.82 м²,3м,1,1,1,4,61000000
монолитный,"
Астана, Есильский р-н
показать на карте
",2007,1,9,67,0,3м,0,1,0,2,33000000
кирпичный,"
Астана
показать на карте
",2023,7,9,56,9 м²,3м,0,0,0,2,23500000
монолитный,"
Астана, Сарыарка р-н
показать на карте
",2022,-,-,94,0,3м,0,1,0,3,56500000
монолитный,"
Астана, Есильский р-н
показать на карте
",2023,4,12,41,0,3м,0,0,1,1,19693000
кирпичный,"
Астана, Есильский р-н
показать на карте
",2021,6,10,54,0,3м,0,1,0,2,42000000
монолитный,"
Астана, Есильский р-н
показать на карте
",2016,-,-,92,13.2 м²,2.7м,0,1,0,3,47000000
кирпичный,"
Астана, Сарыарка р-н
показать на карте
",2021,4,7,36,0,-,0,1,0,1,20000000
-,"
Астана, р-н Байконур
показать на карте
",2017,7,9,36,0,2.8м,0,0,0,1,18800000
кирпичный,"
Астана, Сарыарка р-н
показать на карте
",2014,-,-,36,16.9 м²,2.8м,0,1,0,1,15389999
монолитный,"
Астана, Сарыарка р-н
показать на карте
",2019,2,9,38,11 м²,2.7м,0,1,0,1,15500000
монолитный,"
Астана, Есильский р-н
показать на карте
",2017,-,-,87,8 м²,2.8м,1,1,0,3,37000000
кирпичный,"
Астана, Алматы р-н
показать на карте
",2015,5,6,46,14 м²,2.7м,0,0,0,1,20000000
монолитный,"
Астана, Алматы р-н
показать на карте
",2023,-,-,96,1 м²,3м,1,1,1,3,46000000
кирпичный,"
Астана, Алматы р-н
показать на карте
",2023,-,-,37,15 м²,-,0,0,0,1,12300000
монолитный,"
Астана, Есильский р-н
показать на карте
",2023,-,-,44,0,3м,0,1,1,1,20000000
кирпичный,"
Астана
показать на карте
",2020,7,7,80,0,3.3м,1,1,0,3,28000000
монолитный,"
Астана, Есильский р-н
показать на карте
",2021,7,16,15,25 м²,3м,0,0,0,4,160000000
кирпичный,"
Астана, Сарыарка р-н
показать на карте
",1980,4,6,18,0,-,0,0,0,1,6000000
монолитный,"
Астана, Алматы р-н
показать на карте
",2018,3,23,14,0,3м,1,1,0,5,125000000
кирпичный,"
Астана, Алматы р-н
показать на карте
",2011,-,-,25,0,-,0,0,0,1,11500000
кирпичный,"
Астана, Сарыарка р-н
показать на карте
",2012,3,6,53,12.5 м²,2.9м,0,0,0,2,21500000
монолитный,"
Астана, Есильский р-н
показать на карте
",2018,4,7,21,20 м²,-,0,0,0,5,295000000
монолитный,"
Астана, Алматы р-н
показать на карте
",2018,2,8,40,0,-,0,0,0,1,20000000
монолитный,"
Астана, Сарыарка р-н
показать на карте
",2008,3,13,17,0,2.7м,1,1,0,4,80000000
кирпичный,"
Астана, р-н Байконур
показать на карте
",1970,5,5,63,5 м²,2.7м,0,0,0,3,19500000
кирпичный,"
Астана, Есильский р-н
показать на карте
",2022,-,-,57,0,3м,0,1,0,2,32000000
кирпичный,"
Астана, Есильский р-н
показать на карте
",2016,5,9,96,0,2.8м,0,0,0,3,50500000
кирпичный,"
Астана, Есильский р-н
показать на карте
",2022,4,12,70,0,3м,0,1,0,3,47000000
кирпичный,"
Астана, Сарыарка р-н
показать на карте
",2009,-,-,56,0,-,0,1,0,2,22500000
кирпичный,"
Астана, р-н Байконур
показать на карте
",2018,9,14,35,8 м²,2.7м,0,1,0,1,16000000
кирпичный,"
Астана, Сарыарка р-н
показать на карте
",2017,1,10,82,12 м²,-,1,1,0,3,35000000
-,"
Астана, Алматы р-н
показать на карте
",2009,1,23,10,14.9 м²,.82м,1,1,0,4,37000000
монолитный,"
Астана, Есильский р-н
показать на карте
",2010,3,9,54,11 м²,2.7м,0,0,0,1,23000000
монолитный,"
Астана, Алматы р-н
показать на карте
",2016,-,-,51,0,2.7м,0,0,0,2,24000000
монолитный,"
Астана, Есильский р-н
показать на карте
",2019,2,9,45,0,2.7м,0,1,0,2,24000000
кирпичный,"
Астана, Алматы р-н
показать на карте
",2015,6,6,42,12.6 м²,2.7м,0,0,0,1,19000000
монолитный,"
Астана, Есильский р-н
показать на карте
",2015,5,12,60,11 м²,2.7м,0,1,0,2,33000000
монолитный,"
Астана, Алматы р-н
показать на карте
",2022,4,12,38,0,3м,0,1,0,1,17500000
кирпичный,"
Астана, Алматы р-н
показать на карте
",2014,9,9,55,0,-,0,1,0,2,23000000
монолитный,"
Астана, Есильский р-н
показать на карте
",2023,2,9,40,10.83 м²,3м,0,1,0,1,25000000
кирпичный,"
Астана, Алматы р-н
показать на карте
",2011,3,12,81,0,-,0,0,0,3,34500000
монолитный,"
Астана, Сарыарка р-н
показать на карте
",2000,-,-,90,12 м²,-,0,0,0,3,44000000
кирпичный,"
Астана, Алматы р-н
показать на карте
",2022,7,9,34,0,-,0,1,0,1,14000000
монолитный,"
Астана, Алматы р-н
показать на карте
",2023,6,14,10,13 м²,3м,0,1,1,4,48000000
кирпичный,"
Астана, Алматы р-н
показать на карте
",2010,9,9,57,0,2.7м,0,0,0,2,25500000
монолитный,"
Астана, Есильский р-н
показать на карте
",2020,4,10,11,0,3м,0,1,0,4,90000000
монолитный,"
Астана, Сарыарка р-н
показать на карте
",2022,1,12,72,10 м²,-,0,0,0,3,31000000
панельный,"
Астана, Сарыарка р-н
показать на карте
",1980,2,5,63,5.5 м²,2.7м,0,0,0,4,25300000
кирпичный,"
Астана, Алматы р-н
показать на карте
",2021,8,9,42,0,2.7м,0,1,0,2,18500000
кирпичный,"
Астана, Алматы р-н
показать на карте
",2012,1,5,42,12.2 м²,2м,0,0,0,1,25000000
монолитный,"
Астана, Есильский р-н
показать на карте
",2021,3,9,40,10 м²,2.7м,0,1,0,1,30000000
монолитный,"
Астана
показать на карте
",2023,3,14,62,12.4 м²,2.7м,0,1,0,2,27500000
кирпичный,"
Астана, Алматы р-н
показать на карте
",2022,-,-,61,0,3м,0,1,0,2,33500000
кирпичный,"
Астана, р-н Байконур
показать на карте
",2004,2,6,37,0,2.7м,0,0,0,1,19500000
монолитный,"
Астана, Есильский р-н
показать на карте
",2021,5,10,37,9 м²,2.7м,0,1,0,1,20500000
монолитный,"
Астана, Сарыарка р-н
показать на карте
",2010,6,18,12,0,2.7м,1,1,0,3,38500000
кирпичный,"
Астана, Есильский р-н
показать на карте
",2023,9,10,12,0,3м,0,1,0,4,75000000
монолитный,"
Астана, Есильский р-н
показать на карте
",2021,-,-,65,0,3м,0,1,0,2,39499000
кирпичный,"
Астана, Сарыарка р-н
показать на карте
",1982,4,5,62,10 м²,2.7м,0,0,0,3,23900000
кирпичный,"
Астана, Сарыарка р-н
показать на карте
",2022,5,16,34,10.6 м²,2.8м,0,0,0,1,18000000
монолитный,"
Астана
показать на карте
",2022,-,-,75,0,-,0,1,0,3,42000000
кирпичный,"
Астана, Сарыарка р-н
показать на карте
",2012,8,10,66,10 м²,2.7м,0,0,0,3,31500000
монолитный,"
Астана, Алматы р-н
показать на карте
",2021,4,9,70,11 м²,2.7м,0,1,0,3,36000000
монолитный,"
Астана, Есильский р-н
показать на карте
",2015,6,13,80,14 м²,3м,0,1,0,2,44800000
монолитный,"
Астана, Алматы р-н
показать на карте
",2020,5,10,41,9.5 м²,2.7м,0,0,0,1,18500000
монолитный,"
Астана, Есильский р-н
показать на карте
",2017,-,-,57,0,2.7м,0,0,0,2,25500000
монолитный,"
Астана, Алматы р-н
показать на карте
",2017,5,9,98,15 м²,2.7м,1,1,0,3,53000000
кирпичный,"
Астана
показать на карте
",2022,8,12,38,12 м²,2.7м,0,0,1,1,13900000
кирпичный,"
Астана, Есильский р-н
показать на карте
",2021,7,9,77,9 м²,3м,0,1,0,3,58000000
кирпичный,"
Астана
показать на карте
",2023,-,-,35,10 м²,3м,0,0,1,1,15000000
кирпичный,"
Астана, Есильский р-н
показать на карте
",2023,7,14,38,10 м²,2.7м,0,0,0,1,18900000
кирпичный,"
Астана, Алматы р-н
показать на карте
",2021,3,9,42,0,2.7м,0,1,0,2,22500000
кирпичный,"
Астана
показать на карте
",2021,9,12,78,10 м²,2.7м,0,1,0,3,39000000
монолитный,"
Астана, Есильский р-н
показать на карте
",2022,4,9,38,0,-,0,0,0,1,26000000
монолитный,"
Астана, Алматы р-н
показать на карте
",2023,-,-,65,0,3м,0,1,1,2,26797000
монолитный,"
Астана, Есильский р-н
показать на карте
",2023,2,18,40,11 м²,3м,0,0,1,1,19000000
монолитный,"
Астана, Алматы р-н
показать на карте
",2022,9,9,37,9 м²,2.7м,0,1,1,1,18000000
кирпичный,"
Астана, Есильский р-н
показать на карте
",2018,3,11,58,9 м²,-,0,0,0,2,25000000
монолитный,"
Астана, Есильский р-н
показать на карте
",2018,-,-,72,11 м²,2.7м,1,1,0,2,30000000
монолитный,"
Астана, Есильский р-н
показать на карте
",2020,9,9,41,11.8 м²,3м,0,1,0,1,21000000
монолитный,"
Астана, Есильский р-н
показать на карте
",2021,-,-,33,0,2.7м,0,1,0,1,18500000
кирпичный,"
Астана, Алматы р-н
показать на карте
",2008,4,6,41,18 м²,2.8м,0,0,0,1,18000000
монолитный,"
Астана, р-н Байконур
показать на карте
",2020,-,-,81,12.4 м²,2.7м,1,1,0,3,44500000
кирпичный,"
Астана
показать на карте
",2022,8,12,81,0,3м,0,1,0,3,28000000
кирпичный,"
Астана, Алматы р-н
показать на карте
",2007,6,9,63,10 м²,2.7м,0,0,0,2,26000000
кирпичный,"
Астана, Сарыарка р-н
показать на карте
",1970,1,5,42,0,-,0,0,0,1,14000000
кирпичный,"
Астана, Сарыарка р-н
показать на карте
",2020,5,9,39,0,-,0,1,0,1,14200000
-,"
Астана, Алматы р-н
показать на карте
",2023,4,9,33,0,3м,0,0,1,1,10000000
кирпичный,"
Астана, Алматы р-н
показать на карте
",2005,5,5,60,11 м²,2.8м,0,0,0,2,21500000
кирпичный,"
Астана, Алматы р-н
показать на карте
",2022,5,6,69,8 м²,2.7м,0,0,1,3,30233000
кирпичный,"
Астана, Сарыарка р-н
показать на карте
",2014,2,5,35,8.2 м²,2.8м,0,0,0,1,17000000
монолитный,"
Астана, Есильский р-н
показать на карте
",2023,-,-,37,9 м²,3м,0,0,0,1,18800000
монолитный,"
Астана, Алматы р-н
показать на карте
",2022,3,9,39,0,2.7м,0,1,1,1,17900000
монолитный,"
Астана, Алматы р-н
показать на карте
",2023,-,-,62,0,-,0,0,0,2,21000000
кирпичный,"
Астана, Сарыарка р-н
показать на карте
",2002,1,3,17,0,3м,0,0,0,1,8500000
монолитный,"
Астана, Сарыарка р-н
показать на карте
",2016,3,13,96,0,2.7м,1,0,0,3,39000000
монолитный,"
Астана, Сарыарка р-н
показать на карте
",2004,-,-,89,11.3 м²,2.7м,0,1,0,3,31000000
кирпичный,"
Астана, Есильский р-н
показать на карте
",2022,4,10,37,0,3м,0,0,0,1,21500000
-,"
Астана, Есильский р-н
показать на карте
",2016,4,6,36,0,3м,0,1,0,1,24000000
монолитный,"
Астана, Есильский р-н
показать на карте
",2016,6,7,67,0,3м,0,1,0,2,44700000
монолитный,"
Астана
показать на карте
",2022,9,10,67,0,2.7м,0,1,1,2,25000000
монолитный,"
Астана, Сарыарка р-н
показать на карте
",2021,9,12,71,10.3 м²,2.7м,0,0,1,3,23500000
кирпичный,"
Астана, Есильский р-н
показать на карте
",2019,2,7,72,0,3.2м,0,1,0,2,60000000
панельный,"
Астана, Сарыарка р-н
показать на карте
",1994,5,5,35,8 м²,-,0,0,0,1,13400000
-,"
Астана, Есильский р-н
показать на карте
",2011,8,14,36,0,-,0,1,0,1,18000000
-,"
Астана, Есильский р-н
показать на карте
",2012,-,-,60,0,-,0,0,0,2,28500000
-,"
Астана, Алматы р-н
показать на карте
",2016,2,22,40,0,-,0,1,0,1,15200000
монолитный,"
Астана, Есильский р-н
показать на карте
",2021,-,-,41,9.7 м²,2.7м,0,1,0,1,25000000
монолитный,"
Астана, Алматы р-н
показать на карте
",2008,3,16,70,0,2.7м,0,0,0,2,35500000
монолитный,"
Астана, Есильский р-н
показать на карте
",2013,4,12,60,13 м²,2.7м,0,0,0,2,32000000
монолитный,"
Астана, Есильский р-н
показать на карте
",2020,3,9,68,0,3м,0,1,1,2,32000000
монолитный,"
Астана, Есильский р-н
показать на карте
",2022,-,-,36,0,3м,0,1,0,1,27000000
кирпичный,"
Астана, Алматы р-н
показать на карте
",2010,-,-,58,10 м²,-,0,0,0,2,26000000
монолитный,"
Астана, Есильский р-н
показать на карте
",2011,-,-,76,13.5 м²,2.7м,0,1,0,2,40000000
монолитный,"
Астана
показать на карте
",2022,6,12,58,0,3м,0,1,0,2,29000000
монолитный,"
Астана, р-н Байконур
показать на карте
",2015,-,-,67,0,2.7м,0,1,0,2,31000000
монолитный,"
Астана, Алматы р-н
показать на карте
",2023,6,9,67,15 м²,2.7м,0,1,0,2,28500000
панельный,"
Астана, р-н Байконур
показать на карте
",1975,2,5,47,7.3 м²,2м,0,0,0,2,18500000
кирпичный,"
Астана
показать на карте
",2022,-,-,67,9.8 м²,2.8м,0,1,0,2,27000000
кирпичный,"
Астана, Есильский р-н
показать на карте
",2017,2,7,46,5 м²,3м,0,0,0,2,35000000
кирпичный,"
Астана, р-н Байконур
показать на карте
",2012,-,-,69,16 м²,2.8м,0,0,0,2,32800000
кирпичный,"
Астана, Алматы р-н
показать на карте
",2023,2,9,36,0,2.7м,0,0,1,1,12000000
панельный,"
Астана, Сарыарка р-н
показать на карте
",1989,2,5,68,9 м²,-,0,0,0,3,25500000
монолитный,"
Астана, Сарыарка р-н
показать на карте
",2009,6,18,35,0,2.8м,0,0,0,1,16500000
-,"
Астана
показать на карте
",2021,9,10,44,11.73 м²,2.7м,0,0,0,1,18500000
-,"
Астана, Есильский р-н
показать на карте
",2021,7,14,65,0,-,0,0,1,2,54000000
монолитный,"
Астана, Есильский р-н
показать на карте
",2018,-,-,76,0,2.8м,0,1,0,3,61000000
кирпичный,"
Астана, Алматы р-н
показать на карте
",2012,7,9,80,17 м²,-,0,0,0,3,32500000
кирпичный,"
Астана, Есильский р-н
показать на карте
",2018,5,9,79,0,3м,0,1,0,3,47000000
панельный,"
Астана, Алматы р-н
показать на карте
",1989,5,5,45,0,2.7м,0,0,0,2,17000000
монолитный,"
Астана, Есильский р-н
показать на карте
",2022,8,9,80,6 м²,2.7м,1,1,1,3,55000000
кирпичный,"
Астана, Есильский р-н
показать на карте
",2020,2,9,96,14 м²,2.7м,0,0,0,3,43700000
кирпичный,"
Астана, Алматы р-н
показать на карте
",2006,6,9,46,0,2.7м,0,0,0,2,27000000
монолитный,"
Астана, Есильский р-н
показать на карте
",2015,-,-,74,10 м²,2.7м,1,1,0,2,31500000
кирпичный,"
Астана, Сарыарка р-н
показать на карте
",2022,3,7,83,0,3м,1,1,0,2,40000000
монолитный,"
Астана, Есильский р-н
показать на карте
",2015,6,7,11,20 м²,3м,1,0,0,3,99000000
кирпичный,"
Астана, Алматы р-н
показать на карте
",2012,-,-,68,17 м²,3м,1,1,0,2,28000000
кирпичный,"
Астана, Есильский р-н
показать на карте
",1985,4,5,16,0,2.7м,0,0,0,1,6000000
-,"
Астана, Алматы р-н
показать на карте
",1992,3,5,35,0,2.7м,0,0,0,1,16300000
монолитный,"
Астана, Есильский р-н
показать на карте
",2017,5,8,42,10 м²,2.7м,0,1,0,1,25000000
кирпичный,"
Астана, Есильский р-н
показать на карте
",2020,5,5,72,9 м²,2.5м,0,0,0,3,29500000
монолитный,"
Астана, Есильский р-н
показать на карте
",2017,5,9,37,10 м²,2.8м,0,1,0,1,26000000
монолитный,"
Астана, Алматы р-н
показать на карте
",2018,-,-,13,0,3м,0,1,0,4,120000000
монолитный,"
Астана, Есильский р-н
показать на карте
",2016,2,6,85,12 м²,2.8м,0,1,0,3,47500000
кирпичный,"
Астана, Есильский р-н
показать на карте
",2016,2,10,49,0,3м,0,1,0,1,40000000
монолитный,"
Астана, Алматы р-н
показать на карте
",2008,5,16,68,0,2.7м,0,0,0,2,29500000
монолитный,"
Астана, Алматы р-н
показать на карте
",2018,6,8,30,0,3м,0,1,0,1,18000000
кирпичный,"
Астана, Алматы р-н
показать на карте
",2021,3,11,62,10 м²,2.8м,0,1,0,2,35500000
монолитный,"
Астана, Алматы р-н
показать на карте
",2018,-,-,45,14 м²,3м,0,1,0,1,22000000
кирпичный,"
Астана, Сарыарка р-н
показать на карте
",2014,5,6,40,0,3м,0,1,0,1,42000000
кирпичный,"
Астана, Алматы р-н
показать на карте
",2016,4,6,78,0,.61м,0,0,0,3,35000000
монолитный,"
Астана, Есильский р-н
показать на карте
",2011,8,9,77,8 м²,2.7м,0,0,0,3,33000000
монолитный,"
Астана, Есильский р-н
показать на карте
",2016,4,20,75,0,2.8м,0,1,0,2,46000000
кирпичный,"
Астана, Сарыарка р-н
показать на карте
",2016,9,10,37,11 м²,-,0,1,0,1,17500000
кирпичный,"
Астана, Алматы р-н
показать на карте
",2020,3,10,44,0,3м,0,1,0,1,27000000
кирпичный,"
Астана, Есильский р-н
показать на карте
",2015,9,9,57,0,2.7м,0,1,0,2,27500000
монолитный,"
Астана, Есильский р-н
показать на карте
",2023,8,17,38,0,3м,0,1,0,1,18000000
монолитный,"
Астана, Алматы р-н
показать на карте
",2018,2,28,46,0,3м,0,1,0,2,36900000
монолитный,"
Астана, Есильский р-н
показать на карте
",2022,7,9,41,9.1 м²,2.7м,0,1,1,1,21500000
монолитный,"
Астана, Алматы р-н
показать на карте
",2016,-,-,27,27.6 м²,2.7м,0,0,0,1,13500000
монолитный,"
Астана, Есильский р-н
показать на карте
",2018,7,9,38,0,2.7м,0,1,0,1,18000000
кирпичный,"
Астана
показать на карте
",2023,8,9,66,9.8 м²,3м,1,1,1,2,36500000
монолитный,"
Астана, Есильский р-н
показать на карте
",2022,7,9,32,10 м²,3м,0,0,1,1,9500000
монолитный,"
Астана, Алматы р-н
показать на карте
",1984,5,5,38,0,2.7м,0,0,0,1,14000000
кирпичный,"
Астана, Есильский р-н
показать на карте
",2015,8,12,64,0,2.8м,0,0,0,2,24999999
монолитный,"
Астана, Есильский р-н
показать на карте
",2018,9,9,95,10 м²,2.7м,0,0,0,3,42300000
монолитный,"
Астана, Алматы р-н
показать на карте
",2011,8,9,66,15 м²,2.8м,0,0,0,2,31000000
панельный,"
Астана, Алматы р-н
показать на карте
",1983,2,5,60,6 м²,-,0,0,0,3,22000000
-,"
Астана, Есильский р-н
показать на карте
",2022,6,10,59,0,-,0,0,0,2,36500000
кирпичный,"
Астана, Сарыарка р-н
показать на карте
",2013,1,9,70,13 м²,2.7м,0,1,0,2,30000000
кирпичный,"
Астана
показать на карте
",2023,9,9,45,12 м²,3м,0,1,0,1,25000000
кирпичный,"
Астана, Есильский р-н
показать на карте
",2022,3,9,50,8 м²,3м,0,0,0,2,28500000
монолитный,"
Астана, Есильский р-н
показать на карте
",2021,2,7,10,0,3м,0,1,0,3,74900000
монолитный,"
Астана, Есильский р-н
показать на карте
",2022,8,9,70,12 м²,3м,0,1,0,3,32000000
кирпичный,"
Астана, Сарыарка р-н
показать на карте
",2014,3,6,40,0,2.7м,0,0,0,1,15000000
монолитный,"
Астана, Алматы р-н
показать на карте
",2007,7,10,67,14.3 м²,2.7м,0,0,0,2,27500000
монолитный,"
Астана, Есильский р-н
показать на карте
",2020,8,12,12,19 м²,3м,0,0,0,3,47650000
монолитный,"
Астана, Есильский р-н
показать на карте
",2018,4,7,99,14 м²,3м,1,1,0,3,49000000
монолитный,"
Астана, Есильский р-н
показать на карте
",2023,-,-,38,0,3м,0,1,1,1,16190000
кирпичный,"
Астана, Сарыарка р-н
показать на карте
",2015,-,-,44,0,2.7м,0,0,0,1,19500000
кирпичный,"
Астана, Сарыарка р-н
показать на карте
",2008,-,-,28,3 м²,2.7м,0,0,0,1,12800000
кирпичный,"
Астана, Алматы р-н
показать на карте
",2021,8,11,65,0,2.7м,0,1,0,2,31000000
монолитный,"
Астана, Алматы р-н
показать на карте
",2016,3,9,59,0,-,0,1,0,2,27000000
монолитный,"
Астана, Алматы р-н
показать на карте
",2014,2,10,67,12 м²,2.7м,0,1,0,2,24500000
монолитный,"
Астана, Есильский р-н
показать на карте
",2022,2,9,41,11.9 м²,3м,0,0,1,1,21000000
монолитный,"
Астана, Есильский р-н
показать на карте
",2018,-,-,55,9 м²,.72м,1,0,0,2,29999999
монолитный,"
Астана, Есильский р-н
показать на карте
",2023,-,-,69,0,3м,1,1,0,2,36500000
кирпичный,"
Астана
показать на карте
",2023,6,9,68,13 м²,3м,1,1,1,2,29500000
монолитный,"
Астана, Алматы р-н
показать на карте
",2011,-,-,71,0,3м,0,1,0,2,30000000
кирпичный,"
Астана, Алматы р-н
показать на карте
",2018,1,6,38,0,2.8м,0,1,0,1,20500000
панельный,"
Астана, р-н Байконур
показать на карте
",1988,2,3,31,0,2.6м,0,0,0,1,15200000
кирпичный,"
Астана, Алматы р-н
показать на карте
",2019,4,7,38,12 м²,2.8м,0,1,0,1,19500000
кирпичный,"
Астана, Алматы р-н
показать на карте
",2011,-,-,12,10.6 м²,.75м,1,1,0,4,56500000
кирпичный,"
Астана, Алматы р-н
показать на карте
",2023,-,-,35,0,-,0,1,1,1,10100000
кирпичный,"
Астана, Есильский р-н
показать на карте
",2022,4,9,44,0,-,0,0,0,1,19000000
монолитный,"
Астана
показать на карте
",2023,5,12,35,9.38 м²,3м,0,1,0,1,18500000
кирпичный,"
Астана, Алматы р-н
показать на карте
",2023,6,9,86,0,3м,0,1,1,2,35000000
монолитный,"
Астана, р-н Байконур
показать на карте
",2013,6,15,74,0,2.7м,0,1,0,2,33500000
монолитный,"
Астана, Есильский р-н
показать на карте
",2018,4,10,98,0,2.7м,0,1,0,3,49500000
монолитный,"
Астана, р-н Байконур
показать на карте
",2010,-,-,75,0,2.7м,0,0,0,3,28000000
кирпичный,"
Астана, р-н Байконур
показать на карте
",1972,1,5,50,5.6 м²,-,0,0,0,3,21000000
кирпичный,"
Астана, Сарыарка р-н
показать на карте
",2010,1,6,53,12 м²,2.7м,0,0,0,2,23000000
кирпичный,"
Астана, Есильский р-н
показать на карте
",2023,2,3,28,5 м²,-,0,0,1,1,6000000
монолитный,"
Астана
показать на карте
",2022,6,9,41,10 м²,3м,0,0,1,1,17100000
кирпичный,"
Астана, Алматы р-н
показать на карте
",2010,2,9,64,11 м²,2.7м,1,0,0,2,35000000
монолитный,"
Астана, Есильский р-н
показать на карте
",2022,8,9,58,12 м²,3м,0,1,0,2,45000000
кирпичный,"
Астана, Сарыарка р-н
показать на карте
",2023,-,-,36,10.2 м²,2.7м,0,1,0,1,14200000
монолитный,"
Астана, Сарыарка р-н
показать на карте
",2017,4,9,49,0,-,0,1,0,2,24300000
кирпичный,"
Астана, Алматы р-н
показать на карте
",2019,7,7,33,0,-,0,1,0,1,15000000
кирпичный,"
Астана, Сарыарка р-н
показать на карте
",2015,2,9,70,0,-,0,0,0,3,32000000
-,"
Астана, Есильский р-н
показать на карте
",2021,-,-,46,0,2.7м,0,1,0,2,27500000
кирпичный,"
Астана, Сарыарка р-н
показать на карте
",2021,-,-,36,0,-,0,1,0,1,19500000
монолитный,"
Астана, Алматы р-н
показать на карте
",2011,-,-,47,11.6 м²,-,0,0,0,1,23000000
монолитный,"
Астана, Есильский р-н
показать на карте
",2022,8,12,36,10 м²,3м,0,1,0,1,20800000
монолитный,"
Астана, Есильский р-н
показать на карте
",2021,8,9,67,12.3 м²,2.7м,0,1,0,2,43000000
монолитный,"
Астана, Есильский р-н
показать на карте
",2016,4,14,74,0,3м,0,1,0,2,46000000
кирпичный,"
Астана, Сарыарка р-н
показать на карте
",2010,2,10,87,12 м²,2.7м,0,1,0,3,32000000
кирпичный,"
Астана, Есильский р-н
показать на карте
",2022,3,10,36,0,3м,0,0,0,1,22500000
монолитный,"
Астана
показать на карте
",2017,8,10,10,0,3м,0,1,0,3,100000000
кирпичный,"
Астана, Есильский р-н
показать на карте
",2021,4,9,55,0,3м,0,1,0,2,37500000
панельный,"
Астана, Алматы р-н
показать на карте
",1989,4,5,72,12 м²,-,0,0,0,3,28300000
кирпичный,"
Астана, Есильский р-н
показать на карте
",1982,1,5,31,8 м²,2.7м,0,0,0,1,11000000
кирпичный,"
Астана, Алматы р-н
показать на карте
",2015,5,6,58,0,-,0,0,0,2,22000000
кирпичный,"
Астана, Алматы р-н
показать на карте
",2023,4,12,82,0,3м,1,0,1,3,33000000
монолитный,"
Астана, Есильский р-н
показать на карте
",2021,-,-,50,0,3.3м,0,1,0,2,69000000
монолитный,"
Астана, Алматы р-н
показать на карте
",2023,5,18,63,0,3м,0,1,1,2,27000000
монолитный,"
Астана, Алматы р-н
показать на карте
",2011,-,-,47,11.6 м²,2.7м,0,0,0,1,20500000
кирпичный,"
Астана, Сарыарка р-н
показать на карте
",2010,1,5,37,9.5 м²,2.5м,0,0,0,1,16200000
кирпичный,"
Астана, Алматы р-н
показать на карте
",2023,8,9,41,12 м²,-,0,0,0,1,14000000
монолитный,"
Астана
показать на карте
",2022,-,-,40,0,3м,0,1,1,1,18500000
монолитный,"
Астана, Алматы р-н
показать на карте
",2016,1,9,90,15 м²,3м,0,1,0,3,75000000
кирпичный,"
Астана, Алматы р-н
показать на карте
",2021,6,9,35,0,2.7м,0,0,0,1,19000000
монолитный,"
Астана, Алматы р-н
показать на карте
",2016,-,-,80,11 м²,2.7м,1,0,0,3,35000000
монолитный,"
Астана, Есильский р-н
показать на карте
",2022,-,-,62,14 м²,3м,0,1,0,2,35500000
кирпичный,"
Астана, р-н Байконур
показать на карте
",2008,5,12,10,0,2.7м,1,1,0,4,46500000
монолитный,"
Астана, Алматы р-н
показать на карте
",2014,-,-,46,0,2.8м,0,1,0,1,14999663
монолитный,"
Астана, Сарыарка р-н
показать на карте
",2008,-,-,93,14.2 м²,2.7м,1,0,0,3,37000000
монолитный,"
Астана, Есильский р-н
показать на карте
",2020,3,10,60,13.8 м²,3м,0,1,0,2,35500000
монолитный,"
Астана, Алматы р-н
показать на карте
",2020,8,17,11,0,3м,0,1,0,4,49000000
панельный,"
Астана, р-н Байконур
показать на карте
",1980,3,5,56,6 м²,2.5м,0,0,0,2,21500000
монолитный,"
Астана, Есильский р-н
показать на карте
",2022,9,12,40,0,3м,0,1,0,1,25000000
монолитный,"
Астана, Сарыарка р-н
показать на карте
",2007,5,5,57,0,-,0,0,0,2,20500000
кирпичный,"
Астана, Алматы р-н
показать на карте
",2016,6,9,63,12 м²,-,0,0,0,2,38500000
-,"
Астана, Есильский р-н
показать на карте
",2022,9,9,45,0,-,0,0,0,1,26500000
кирпичный,"
Астана
показать на карте
",2023,1,10,62,12.6 м²,3м,0,1,1,2,33000000
кирпичный,"
Астана, Есильский р-н
показать на карте
",2020,6,9,71,0,3м,0,1,0,2,31000000
монолитный,"
Астана, Алматы р-н
показать на карте
",2022,5,12,34,0,3м,0,1,0,1,19000000
кирпичный,"
Астана, Есильский р-н
показать на карте
",2018,5,9,41,4 м²,2.7м,0,0,0,1,19000000
монолитный,"
Астана, Сарыарка р-н
показать на карте
",2022,-,-,54,0,3м,0,0,1,1,20500000
монолитный,"
Астана, Есильский р-н
показать на карте
",2016,6,17,54,8.2 м²,2.7м,0,1,0,2,31700000
кирпичный,"
Астана
показать на карте
",2021,3,9,64,11.7 м²,3м,0,0,0,2,38500000
монолитный,"
Астана, Есильский р-н
показать на карте
",2010,4,12,11,12 м²,2.7м,1,1,0,3,50000000
монолитный,"
Астана, Есильский р-н
показать на карте
",2018,8,16,65,0,2.8м,1,0,0,3,40000000
кирпичный,"
Астана
показать на карте
",2022,4,9,63,12 м²,3м,0,0,0,2,31500000
монолитный,"
Астана, Алматы р-н
показать на карте
",2012,8,15,51,9 м²,2.7м,0,0,0,1,25000000
панельный,"
Астана, Есильский р-н
показать на карте
",2022,4,9,59,12.11 м²,2.7м,0,1,0,2,32500000
-,"
Астана, Есильский р-н
показать на карте
",2019,-,-,83,11.5 м²,-,0,0,0,3,34500000
монолитный,"
Астана, Есильский р-н
показать на карте
",2023,4,9,41,10.13 м²,3м,0,1,0,1,26500000
кирпичный,"
Астана, р-н Байконур
показать на карте
",2009,-,-,41,0,2.7м,0,0,0,1,23500000
монолитный,"
Астана, р-н Байконур
показать на карте
",2009,-,-,67,11 м²,2.7м,0,1,0,2,22000000
монолитный,"
Астана, Алматы р-н
показать на карте
",2001,6,6,61,0,-,0,0,0,3,26000000
кирпичный,"
Астана, Алматы р-н
показать на карте
",2021,7,9,38,0,2.7м,0,1,0,1,19000000
монолитный,"
Астана, Есильский р-н
показать на карте
",2022,6,12,35,10 м²,3м,0,1,1,1,17800000
кирпичный,"
Астана
показать на карте
",2023,8,12,43,0,-,0,0,0,1,15500000
монолитный,"
Астана, р-н Байконур
показать на карте
",2010,9,18,85,14 м²,-,0,0,0,3,40000000
кирпичный,"
Астана, Есильский р-н
показать на карте
",2020,6,9,45,0,3м,0,0,0,2,25000000
кирпичный,"
Астана, Алматы р-н
показать на карте
",2011,9,16,56,9.5 м²,2.5м,0,0,0,2,24000000
монолитный,"
Астана, Есильский р-н
показать на карте
",2018,8,9,39,10 м²,-,0,1,0,1,18000000
кирпичный,"
Астана, Алматы р-н
показать на карте
",2023,2,10,38,0,-,0,1,1,1,13800000
-,"
Астана, Есильский р-н
показать на карте
",2022,-,-,73,0,-,0,0,0,3,38500000
кирпичный,"
Астана, Алматы р-н
показать на карте
",2015,9,10,59,0,-,0,0,0,2,25000000
кирпичный,"
Астана, Сарыарка р-н
показать на карте
",2023,-,-,40,11 м²,2.7м,0,1,0,1,13200000
кирпичный,"
Астана, Алматы р-н
показать на карте
",2022,3,9,56,11.4 м²,2.7м,0,1,0,2,35000000
панельный,"
Астана, Есильский р-н
показать на карте
",2014,-,-,97,14 м²,2.7м,0,0,0,3,36000000
кирпичный,"
Астана, Есильский р-н
показать на карте
",2022,4,9,90,0,-,1,1,0,3,53000000
кирпичный,"
Астана, Алматы р-н
показать на карте
",2012,2,10,75,9.6 м²,2.8м,0,0,0,3,34000000
монолитный,"
Астана, Сарыарка р-н
показать на карте
",2023,-,-,10,0,3м,0,1,0,3,56000000
монолитный,"
Астана, Сарыарка р-н
показать на карте
",2023,3,14,33,8.6 м²,2.7м,0,0,1,1,12500000
кирпичный,"
Астана, Есильский р-н
показать на карте
",2021,8,12,65,0,3м,0,1,0,3,39000000
монолитный,"
Астана, Есильский р-н
показать на карте
",2021,-,-,40,0,2.7м,0,1,0,1,26000000
панельный,"
Астана, Сарыарка р-н
показать на карте
",1987,3,6,62,9 м²,2.7м,0,0,0,3,25000000
кирпичный,"
Астана, Сарыарка р-н
показать на карте
",2022,-,-,92,13 м²,-,0,1,0,3,35900000
кирпичный,"
Астана, Сарыарка р-н
показать на карте
",2014,1,5,47,9.3 м²,2.7м,0,0,0,2,22700000
монолитный,"
Астана, р-н Байконур
показать на карте
",2013,-,-,45,0,-,0,0,0,1,18000000
кирпичный,"
Астана, Есильский р-н
показать на карте
",2018,3,4,59,0,-,0,0,0,2,30000000
кирпичный,"
Астана, Есильский р-н
показать на карте
",2021,4,6,52,0,3м,0,1,0,1,25500000
-,"
Астана, Есильский р-н
показать на карте
",2022,8,16,65,20 м²,-,0,1,0,2,32000000
кирпичный,"
Астана, Есильский р-н
показать на карте
",2018,2,7,39,0,2.7м,0,1,0,2,16700000
-,"
Астана, Алматы р-н
показать на карте
",2018,4,6,41,11.6 м²,2.7м,0,0,0,1,19800000
монолитный,"
Астана, Есильский р-н
показать на карте
",2009,-,-,76,0,3м,1,1,0,2,33000000
панельный,"
Астана, Есильский р-н
показать на карте
",2018,2,12,75,15 м²,2.7м,1,0,0,3,39500000
кирпичный,"
Астана, Сарыарка р-н
показать на карте
",2008,2,12,87,14 м²,2.7м,1,0,0,3,41999999
монолитный,"
Астана, Сарыарка р-н
показать на карте
",2016,-,-,11,20 м²,-,1,1,0,3,91000000
монолитный,"
Астана, Есильский р-н
показать на карте
",2021,-,-,38,10.5 м²,2.7м,0,0,0,1,20500000
-,"
Астана, р-н Байконур
показать на карте
",2023,3,9,43,0,2.9м,0,0,1,1,13000000
монолитный,"
Астана, Алматы р-н
показать на карте
",2023,8,8,12,0,-,1,1,1,4,85000000
кирпичный,"
Астана, Алматы р-н
показать на карте
",2015,3,9,40,9.5 м²,-,0,0,0,1,19200000
монолитный,"
Астана, Есильский р-н
показать на карте
",2023,2,9,55,0,3м,0,0,1,2,27000000
монолитный,"
Астана, Есильский р-н
показать на карте
",2011,7,9,51,7.1 м²,3м,0,0,0,2,25000000
панельный,"
Астана, Алматы р-н
показать на карте
",1995,4,6,68,12 м²,2.7м,0,0,0,3,27000000
монолитный,"
Астана, Алматы р-н
показать на карте
",2018,3,10,44,9.3 м²,2.8м,0,0,0,1,20500000
монолитный,"
Астана, Есильский р-н
показать на карте
",2018,-,-,45,0,2.8м,0,1,0,2,23000000
монолитный,"
Астана, Есильский р-н
показать на карте
",2023,-,-,40,0,3м,0,0,0,1,19000000
монолитный,"
Астана, Алматы р-н
показать на карте
",2020,6,11,82,15 м²,2.8м,1,1,0,3,46000000
кирпичный,"
Астана, Есильский р-н
показать на карте
",2021,6,10,41,11 м²,3м,0,1,0,1,27500000
монолитный,"
Астана, Сарыарка р-н
показать на карте
",2016,9,9,63,14 м²,-,1,1,0,2,26900000
монолитный,"
Астана, Есильский р-н
показать на карте
",2022,4,9,43,0,3м,0,1,0,1,28000000
монолитный,"
Астана, Алматы р-н
показать на карте
",2021,3,9,38,0,2.8м,0,0,0,1,17300000
монолитный,"
Астана, Алматы р-н
показать на карте
",2017,-,-,65,0,2.8м,0,0,0,2,38000000
панельный,"
Астана, Алматы р-н
показать на карте
",1989,5,5,36,8 м²,-,0,0,0,1,14500000
панельный,"
Астана, Алматы р-н
показать на карте
",1989,4,5,50,7 м²,2.6м,0,0,0,2,25500000
монолитный,"
Астана, р-н Байконур
показать на карте
",2016,7,16,36,11 м²,2.8м,0,1,0,1,19800000
кирпичный,"
Астана, Есильский р-н
показать на карте
",2008,4,5,13,0,3м,0,1,0,3,85000000
кирпичный,"
Астана, Алматы р-н
показать на карте
",1991,5,5,50,8 м²,-,0,0,0,2,21000000
кирпичный,"
Астана, Алматы р-н
показать на карте
",1993,5,5,61,7 м²,2.7м,0,0,0,3,25500000
кирпичный,"
Астана
показать на карте
",2014,5,9,82,14.2 м²,2.8м,0,1,0,3,38000000
кирпичный,"
Астана, Алматы р-н
показать на карте
",2023,7,9,37,0,-,0,0,1,1,10800000
кирпичный,"
Астана, Сарыарка р-н
показать на карте
",2022,2,12,44,0,2.7м,0,0,0,2,19200000
монолитный,"
Астана
показать на карте
",2023,4,9,10,13.28 м²,3м,0,0,1,4,47000000
монолитный,"
Астана, Есильский р-н
показать на карте
",2022,5,19,34,10 м²,-,0,0,0,1,18500000
монолитный,"
Астана, Алматы р-н
показать на карте
",2022,6,18,56,0,3м,0,1,0,2,33500000
кирпичный,"
Астана, Сарыарка р-н
показать на карте
",2010,-,-,49,0,2.8м,0,0,0,2,21500000
кирпичный,"
Астана, Есильский р-н
показать на карте
",2016,7,8,68,11.1 м²,2.7м,0,1,0,2,37000000
монолитный,"
Астана, Есильский р-н
показать на карте
",2018,-,-,31,0,2.8м,0,1,0,1,18400000
кирпичный,"
Астана, Алматы р-н
показать на карте
",2007,6,10,69,0,-,0,0,0,2,31000000
монолитный,"
Астана, Алматы р-н
показать на карте
",2022,9,12,36,0,3м,0,1,0,1,20500000
кирпичный,"
Астана, Есильский р-н
показать на карте
",2021,1,3,31,9 м²,-,0,1,1,1,10000000
монолитный,"
Астана, Есильский р-н
показать на карте
",2022,-,-,62,0,3м,0,1,0,2,35500000
панельный,"
Астана, р-н Байконур
показать на карте
",1993,2,6,51,9 м²,2.7м,0,0,0,2,30000000
кирпичный,"
Астана
показать на карте
",2022,1,9,11,0,3м,0,1,0,4,75000000
кирпичный,"
Астана, Сарыарка р-н
показать на карте
",2012,7,10,70,0,-,0,0,0,3,27500000
кирпичный,"
Астана, Сарыарка р-н
показать на карте
",2006,7,9,90,18 м²,2.8м,0,0,0,3,32900000
кирпичный,"
Астана, Алматы р-н
показать на карте
",1986,4,5,18,0,-,0,0,0,1,6700000
кирпичный,"
Астана, Алматы р-н
показать на карте
",2007,6,9,29,0,2.8м,0,0,0,1,21000000
кирпичный,"
Астана, Алматы р-н
показать на карте
",1991,5,6,35,0,2м,0,0,0,1,11900000
кирпичный,"
Астана, Алматы р-н
показать на карте
",2010,5,14,63,0,2.7м,0,1,0,2,25700000
монолитный,"
Астана, Сарыарка р-н
показать на карте
",2011,-,-,37,9 м²,-,0,1,0,1,18900000
кирпичный,"
Астана, Есильский р-н
показать на карте
",2015,1,9,44,0,-,0,0,0,1,24500000
кирпичный,"
Астана, Есильский р-н
показать на карте
",2021,5,9,37,0,3м,0,1,0,1,24000000
монолитный,"
Астана, Есильский р-н
показать на карте
",2023,8,9,37,10 м²,-,0,0,0,1,21500000
кирпичный,"
Астана, Есильский р-н
показать на карте
",2017,4,5,71,10.4 м²,2.7м,0,1,0,2,29000999
монолитный,"
Астана, Алматы р-н
показать на карте
",2016,4,19,10,12.8 м²,2.7м,0,1,0,3,48500000
монолитный,"
Астана, Алматы р-н
показать на карте
",2017,4,12,65,12.1 м²,3м,0,1,0,2,35500000
монолитный,"
Астана, Есильский р-н
показать на карте
",2022,-,-,45,0,3м,0,0,0,2,44000000
кирпичный,"
Астана, Есильский р-н
показать на карте
",2022,4,10,88,0,3м,1,1,0,3,90000000
монолитный,"
Астана, Алматы р-н
показать на карте
",2019,1,9,67,0,3.2м,0,1,0,2,59000000
кирпичный,"
Астана, Алматы р-н
показать на карте
",2009,9,9,56,0,-,0,0,0,2,22000000
монолитный,"
Астана, Сарыарка р-н
показать на карте
",2006,3,13,83,0,-,0,0,0,3,36000000
кирпичный,"
Астана
показать на карте
",2022,4,10,41,0,3м,0,1,0,1,15500000
кирпичный,"
Астана, Есильский р-н
показать на карте
",2007,4,9,12,17 м²,2.7м,1,0,0,3,55000000
кирпичный,"
Астана, Сарыарка р-н
показать на карте
",2023,8,12,43,13.1 м²,2.7м,0,1,0,1,14888888
монолитный,"
Астана, Алматы р-н
показать на карте
",2019,5,9,38,0,3м,0,0,0,1,25500000
кирпичный,"
Астана, Сарыарка р-н
показать на карте
",2013,6,9,69,18 м²,-,0,0,0,2,28000000
кирпичный,"
Астана, Алматы р-н
показать на карте
",2018,9,13,50,12 м²,2.8м,0,1,0,1,15800000
кирпичный,"
Астана, Сарыарка р-н
показать на карте
",2014,4,16,60,10 м²,3м,0,0,0,2,26000000
монолитный,"
Астана, Есильский р-н
показать на карте
",2019,-,-,15,0,3.2м,0,1,0,4,210000000
монолитный,"
Астана, Есильский р-н
показать на карте
",2014,2,12,95,14.1 м²,2.7м,1,0,0,4,50000000
кирпичный,"
Астана, Алматы р-н
показать на карте
",2016,1,6,58,9.9 м²,2.7м,0,0,0,2,25000000
монолитный,"
Астана, Есильский р-н
показать на карте
",2008,6,15,84,0,3м,1,1,0,2,40000000
кирпичный,"
Астана, Алматы р-н
показать на карте
",2023,6,17,42,0,3м,0,1,1,1,18000000
кирпичный,"
Астана, Алматы р-н
показать на карте
",2018,7,9,50,14 м²,3м,0,1,0,1,22500000
кирпичный,"
Астана, Алматы р-н
показать на карте
",1984,5,5,13,0,2.7м,0,0,0,1,5500000
кирпичный,"
Астана, р-н Байконур
показать на карте
",2000,6,9,11,10 м²,2.8м,0,0,0,4,60000000
монолитный,"
Астана, Есильский р-н
показать на карте
",2019,6,10,52,0,.75м,0,0,0,2,30000000
-,"
Астана, Алматы р-н
показать на карте
",2019,6,9,54,0,-,0,1,0,2,29500000
монолитный,"
Астана
показать на карте
",2022,9,13,53,7.6 м²,2.7м,0,1,0,1,18000000
кирпичный,"
Астана, Сарыарка р-н
показать на карте
",2010,2,5,38,10 м²,2.7м,0,0,0,1,16500000
монолитный,"
Астана, Есильский р-н
показать на карте
",2012,-,-,61,0,3м,1,1,0,2,27000000
кирпичный,"
Астана, Сарыарка р-н
показать на карте
",1978,3,5,50,0,-,0,0,0,2,26000000
монолитный,"
Астана, Алматы р-н
показать на карте
",2011,8,21,12,0,3м,1,1,0,4,95000000
монолитный,"
Астана, Алматы р-н
показать на карте
",2011,2,22,11,0,3м,0,1,0,3,52000000
кирпичный,"
Астана, Есильский р-н
показать на карте
",2008,5,6,26,0,3м,0,1,0,5,135000000
-,"
Астана, Есильский р-н
показать на карте
",2018,3,5,33,8.3 м²,-,0,0,0,1,14500000
монолитный,"
Астана, Есильский р-н
показать на карте
",2020,-,-,37,11 м²,3м,0,1,0,1,25000000
панельный,"
Астана, Алматы р-н
показать на карте
",1977,1,5,45,0,-,0,0,0,2,18000000
монолитный,"
Астана
показать на карте
",2013,5,17,53,0,3м,0,1,0,1,22260000
кирпичный,"
Астана, Алматы р-н
показать на карте
",2006,2,17,64,0,2.7м,0,0,0,2,27500000
кирпичный,"
Астана, Есильский р-н
показать на карте
",2017,8,12,45,0,-,0,0,0,1,25000000
кирпичный,"
Астана, Сарыарка р-н
показать на карте
",2008,3,10,75,0,.75м,0,1,0,3,40000000
монолитный,"
Астана, Есильский р-н
показать на карте
",2010,-,-,70,8 м²,-,0,1,0,3,32000000
кирпичный,"
Астана, Есильский р-н
показать на карте
",2016,9,9,95,12 м²,2.7м,1,0,0,3,45000000
монолитный,"
Астана, Есильский р-н
показать на карте
",2022,4,14,40,9.7 м²,3м,0,1,0,1,24580000
